,gene_name
0,CTNNB1
1,NOTCH1
2,TNF
3,SHH
4,WNT5A
5,SRC
6,TP53
7,ABL1
8,BCL2
9,BMP4
10,AKT1
11,LRRK2
12,APOE
13,SOX9
14,SIRT1
15,EDN1
16,CAV1
17,PARK7
18,PRKN
19,EGFR
20,DRD2
21,JAK2
22,SNCA
23,APP
24,TREM2
25,FGF10
26,PSEN1
27,TGFB1
28,ITGB3
29,HES1
30,SMAD3
31,ITGB1
32,NF1
33,HIF1A
34,VEGFA
35,LYN
36,GATA3
37,BAX
38,LEP
39,PTK2B
40,FGFR2
41,MECP2
42,BMP2
43,TGFB2
44,NRP1
45,TLR4
46,MTOR
47,EXT1
48,NOD2
49,CD36
50,PAX6
51,MEF2C
52,GSK3B
53,RELA
54,EP300
55,PPARG
56,SMAD4
57,SYK
58,DLG1
59,SLC1A1
60,GLI3
61,HSP90AA1
62,PKD2
63,COL6A1
64,SMO
65,HDAC6
66,ATP7A
67,RHOA
68,FGF2
69,P2RX7
70,DHX9
71,IL6
72,HMGB1
73,SFRP1
74,PARP1
75,IL1B
76,CDK5
77,MAPK1
78,FLNA
79,CDC42
80,MAPT
81,GJA1
82,GPER1
83,FMR1
84,THBS1
85,KIT
86,FYN
87,CALR
88,ADIPOQ
89,DDX3X
90,BMPR1A
91,ACTB
92,DAB2IP
93,PRKAA1
94,SRF
95,BMP7
96,SOD1
97,PAFAH1B1
98,STAT3
99,PYCARD
100,MDM2
101,CAV3
102,RARA
103,WNT3A
104,DAG1
105,ROCK1
106,SIRT2
107,PINK1
108,MAPK14
109,GRIA1
110,FGF8
111,TGFBR1
112,NHERF1
113,TH
114,MAPK3
115,PTEN
116,TGFBR2
117,EDNRA
118,ACE
119,PTGS2
120,MED1
121,NOG
122,VCP
123,IGF1R
124,ZC3H12A
125,APOA1
126,EZR
127,KDR
128,MYD88
129,PTPRC
130,EPHB2
131,RIPK2
132,HNRNPU
133,ATM
134,NLGN1
135,HSF1
136,HSPA1A
137,INS
138,LEF1
139,AQP1
140,FGFR1
141,CDK1
142,WNT4
143,AR
144,IL10
145,DLL1
146,BMPR2
147,PRKACA
148,RB1
149,PRNP
150,BECN1
151,ITGAV
152,KCNQ1
153,SIRT6
154,WNT7A
155,PTCH1
156,CITED2
157,ADORA1
158,CLN3
159,RBPJ
160,INSR
161,TLR2
162,YAP1
163,CCL5
164,HDAC2
165,LIPA
166,TNFAIP3
167,CLU
168,SIX1
169,CASP3
170,TRAF6
171,GAS6
172,PKD1
173,PROX1
174,ANXA2
175,IFNG
176,ATF2
177,PML
178,SOD2
179,TRPV4
180,ADORA2A
181,ROCK2
182,NKX2-5
183,BAK1
184,PDGFB
185,PIK3CA
186,CD74
187,GSK3A
188,SQSTM1
189,EPHA4
190,TREX1
191,NOS3
192,PRKCD
193,DRD1
194,HSP90AB1
195,GBA1
196,ADA
197,PRKD1
198,CX3CL1
199,NPR2
200,GHRL
201,PAX2
202,PTPN11
203,PIK3R1
204,IGF1
205,GATA6
206,STAT1
207,NPM1
208,ESR1
209,PRKCZ
210,RAC1
211,UMOD
212,HEY2
213,SMAD2
214,FOXP3
215,IL12B
216,AURKA
217,NOTCH2
218,MYH9
219,PPP3CA
220,RACK1
221,PLK1
222,CCR2
223,CDKN1A
224,PLCG2
225,PPARA
226,ABCA1
227,TWIST1
228,SLC9A1
229,ATP1A2
230,CYP1A1
231,LHX1
232,BBS4
233,LARGE1
234,PRKCE
235,STK11
236,DHX36
237,PRKDC
238,B2M
239,CXCR4
240,MAP3K7
241,DLG4
242,PPP1R9B
243,FLCN
244,CRK
245,TP63
246,STAT5B
247,SFRP2
248,KAT5
249,WNT11
250,TBX1
251,NOS1
252,ISL1
253,WNT1
254,CIB1
255,KLF4
256,RPS3
257,ASCL1
258,F2RL1
259,PLEC
260,DDIT3
261,GHSR
262,CDH2
263,INHBA
264,CYP1B1
265,PDGFRA
266,ATF4
267,NTRK1
268,MDK
269,ATP2B4
270,GATA2
271,IHH
272,CDK5R1
273,ZMPSTE24
274,SCN5A
275,ADAM10
276,AGER
277,ERBB4
278,TLR9
279,ANXA1
280,CRH
281,KAT2A
282,PLCB1
283,EPHA2
284,BRCA1
285,KCNJ8
286,BRAF
287,CRKL
288,BCL6
289,RPS6KB1
290,FOXC1
291,LDLR
292,ERBB2
293,EDNRB
294,RUVBL2
295,OSR1
296,VPS35
297,CUL3
298,PCSK9
299,ARF6
300,ADRA2A
301,HSPD1
302,AXL
303,PTK2
304,TBX3
305,SORL1
306,F2R
307,SMARCA4
308,LRP2
309,ANK2
310,HSPA8
311,FOXO3
312,EZH2
313,HLA-DRB1
314,TGFBR3
315,BCL2L1
316,GPX1
317,CCL3
318,NR1H4
319,RAPGEF2
320,ACVRL1
321,APOA2
322,APC
323,SNAP25
324,NAGLU
325,WT1
326,MSX1
327,ENG
328,AKR1C3
329,VPS4A
330,TRPV1
331,RELN
332,SMAD7
333,ITGA3
334,FOS
335,CCR7
336,TLR3
337,PRKCB
338,HRAS
339,HIPK2
340,NTRK2
341,CDKN1B
342,SPHK1
343,ITGB1BP1
344,NODAL
345,FOSL2
346,PTPN6
347,TGFB3
348,RIPK1
349,PRICKLE1
350,BTK
351,HYAL2
352,NFKB1
353,NFE2L2
354,HDAC1
355,TCIRG1
356,JAG1
357,ACVR1
358,MMP2
359,STXBP1
360,LRP1
361,ATG5
362,APOB
363,SREBF1
364,ITGA2
365,AGT
366,DVL1
367,TERT
368,LGALS9
369,CALM1
370,COMT
371,COL1A1
372,HTR2A
373,HSPA5
374,LTF
375,PHB1
376,ADAM17
377,XBP1
378,PHB2
379,IRGM
380,ZFP36L1
381,FBXW7
382,STUB1
383,LRP5
384,ZFP36
385,ATP13A2
386,CEBPB
387,HSPA1B
388,MAP2K1
389,HAND2
390,PICALM
391,PPARD
392,NKX3-1
393,PRKAA2
394,CAT
395,CEACAM1
396,NR3C1
397,GSN
398,FKRP
399,KAT2B
400,BIN1
401,NLGN2
402,IQGAP1
403,SOX4
404,TBX2
405,GATA1
406,RAN
407,CX3CR1
408,SLC6A4
409,SDCBP
410,CDK2
411,DNM2
412,FOXO1
413,SMAD1
414,BLM
415,CHD7
416,RET
417,TRAF2
418,CORO1A
419,SCARB1
420,S100A9
421,SOX17
422,FGF9
423,SYT11
424,FZD5
425,CSF1
426,TEK
427,AXIN1
428,ADCY10
429,NF2
430,RAB7A
431,XRCC5
432,APOA4
433,GRIN2A
434,MAP1B
435,INPP5K
436,ENPP1
437,GJA5
438,ANK3
439,BGLAP
440,PRKCI
441,HMGB2
442,HMGA2
443,CHRNB2
444,SLC7A5
445,LILRB1
446,VPS54
447,NDP
448,TAF1
449,IL1A
450,TFRC
451,NOS2
452,SMAD6
453,BCL10
454,P2RY1
455,XCL1
456,CCL2
457,DNM1L
458,SNAI2
459,MYC
460,ADCY8
461,NQO1
462,HES5
463,TSPO
464,PIK3CG
465,P2RX4
466,FER
467,FLOT1
468,NIPBL
469,RAB3A
470,CHMP4B
471,TUBA1A
472,MMP14
473,FCGR2B
474,SYT1
475,CASP8
476,TRIM32
477,AURKB
478,NEDD4
479,ERCC2
480,PPARGC1A
481,RUVBL1
482,CLEC7A
483,TACR1
484,DMD
485,NR1H3
486,GREM1
487,RAD51
488,PDGFRB
489,BNIP3
490,UCN
491,PRKCA
492,SKI
493,TSC1
494,SCRIB
495,HMOX1
496,ADRB2
497,CDH1
498,CFTR
499,PCNA
500,FADD
501,STX4
502,MIF
503,RAB11A
504,MSH2
505,RYR2
506,SLIT2
507,RUNX2
508,WRN
509,IL33
510,FZD4
511,NLRP3
512,VPS4B
513,SLC11A2
514,NGFR
515,RAF1
516,ADAM8
517,SLC11A1
518,CPS1
519,DKK1
520,TSG101
521,PIK3CB
522,PAK1
523,F2
524,POU4F1
525,CD3E
526,ITGB2
527,FURIN
528,NUMA1
529,WNT7B
530,ACTG1
531,LPAR1
532,PTN
533,NR2E1
534,MAP2K2
535,MME
536,ALOX5
537,HTR2B
538,TRIM21
539,FOXC2
540,BAIAP2
541,CRYAB
542,GATA4
543,CCL19
544,JUP
545,HAVCR2
546,CSF1R
547,SLC34A1
548,LGALS3
549,TBX20
550,CYFIP1
551,PTPN2
552,TMED2
553,BMP6
554,CYLD
555,FERMT2
556,HIP1R
557,CHMP1A
558,BIRC2
559,MSN
560,WNK1
561,CCL21
562,DGKQ
563,ALDH1A2
564,ANG
565,CEBPA
566,ASS1
567,ARRB2
568,SMPD3
569,SPRY2
570,CDH13
571,BCR
572,SMARCB1
573,STK4
574,ACTN2
575,NEFL
576,SOX11
577,SLC6A3
578,GSTP1
579,DAB2
580,OXTR
581,CDH5
582,CALM3
583,HTT
584,HTRA2
585,ITCH
586,SLC22A2
587,PDX1
588,CFLAR
589,FOXF1
590,ATP1A1
591,KDM1A
592,CD4
593,DISC1
594,DCTN1
595,NKX2-1
596,PDE2A
597,TIRAP
598,COL3A1
599,RDX
600,GCLC
601,IL6ST
602,CITED1
603,SRD5A1
604,TGM2
605,HDAC3
606,XDH
607,CXCL12
608,BCL3
609,CTSH
610,KCNA1
611,YWHAE
612,CHP1
613,SCN11A
614,HAP1
615,REST
616,HLA-A
617,SPTBN4
618,KCNJ11
619,CHMP2B
620,MKKS
621,CNR1
622,HRG
623,SPAST
624,FN1
625,IL2
626,UCP2
627,ATR
628,HLA-E
629,CASR
630,DDX5
631,ATP1B1
632,PLSCR1
633,CREB1
634,IFT20
635,PDPK1
636,AXIN2
637,SOS1
638,SIRT7
639,GRB2
640,SLC2A1
641,LPL
642,PDGFA
643,MT3
644,PPIA
645,WNT10B
646,OGT
647,RAB5A
648,MYOCD
649,S100A8
650,ALAD
651,IL18
652,CD2AP
653,HCK
654,ACTL6A
655,NME2
656,NFIB
657,CCDC88A
658,NCK1
659,SLC8A1
660,YY1
661,ELANE
662,RARG
663,ERCC6
664,RAB8A
665,ABCA7
666,NPPC
667,CHMP4A
668,BCL2L11
669,EGF
670,PENK
671,NR1H2
672,MAPK8
673,NCKAP1L
674,CHMP2A
675,CAPN3
676,CALM2
677,DRD3
678,PTPN1
679,KAT7
680,BRCA2
681,NFKBIZ
682,CLASP1
683,SLC3A2
684,VIL1
685,CDK6
686,FOXP1
687,XRCC6
688,ACVR2B
689,CAD
690,AGO2
691,PPP2CA
692,KIF14
693,PCK1
694,PPP2R1A
695,VCAM1
696,LIF
697,CBL
698,TIAM1
699,GDNF
700,STRA6
701,ERBB3
702,TBX5
703,ITGAM
704,SESN2
705,CHUK
706,ABCG1
707,IKBKB
708,DRD4
709,LILRB4
710,PPT1
711,PDPN
712,EPHB1
713,LIG4
714,CHMP3
715,HIP1
716,CHRNA7
717,CAPN2
718,SLC7A11
719,LCK
720,NCSTN
721,NOD1
722,RAC3
723,PPP3CB
724,AVP
725,COMP
726,GLI2
727,PLA2G10
728,ACE2
729,NPC1
730,GRIK2
731,CAV2
732,ITGA5
733,CTNNA1
734,HOMER1
735,EYA1
736,SYT4
737,NR1D1
738,IRAK1
739,SPI1
740,MACROH2A1
741,STING1
742,EPO
743,NR4A3
744,DDX11
745,IL4
746,IGF2R
747,TLR6
748,NEUROD1
749,ANGPT1
750,CD81
751,SLC12A2
752,JMJD6
753,SHANK3
754,SORT1
755,GCH1
756,DTNBP1
757,CENPF
758,HFE
759,SETD2
760,PIN1
761,ERCC1
762,GRIN2B
763,EIF2AK3
764,RPTOR
765,PICK1
766,YBX1
767,EMP2
768,MMP9
769,PTPRJ
770,VDR
771,CARD9
772,ABCD1
773,BOK
774,GNAI2
775,MSX2
776,EGR1
777,NFKBIA
778,ADM
779,DIAPH3
780,NUP62
781,NUPR1
782,HSPB1
783,CCND1
784,BAG6
785,CREBBP
786,SPHK2
787,SLC22A1
788,ALPL
789,DNMT3A
790,PLA2G4A
791,KCNA5
792,ATP2A2
793,CD14
794,SOX8
795,ABCC8
796,TERF2
797,NR4A2
798,DDR2
799,PAX8
800,FGB
801,FOSL1
802,PLG
803,VTN
804,ID2
805,STK3
806,TRAF3IP2
807,GRIN1
808,FZD9
809,ITGA4
810,FXN
811,TRPM4
812,PIK3CD
813,LRP8
814,ACTN4
815,TYRO3
816,FOXA1
817,SLC1A3
818,GPC3
819,CCN3
820,ADAM9
821,TCF7L2
822,PRKCG
823,ATP1B2
824,VAMP2
825,CAMK2D
826,PTH
827,IL17A
828,LRP4
829,EGR2
830,ERN1
831,B4GALT1
832,TNKS
833,ERRFI1
834,SOX2
835,NCOA1
836,CXADR
837,PPP1CC
838,FGA
839,HDAC4
840,STK39
841,ACVR2A
842,CXCL10
843,NRP2
844,RAB27A
845,TTN
846,HTR1B
847,GNAT1
848,POU4F2
849,SLC2A4
850,TLR7
851,TNFSF11
852,JAM3
853,HLA-G
854,THY1
855,SHANK1
856,GHR
857,OPRK1
858,RTN4
859,MYO6
860,ARHGEF2
861,ABCC1
862,KITLG
863,C1QBP
864,FASN
865,APEX1
866,CASP1
867,FXR1
868,GABBR1
869,PHOX2B
870,TF
871,EIF4A3
872,LHCGR
873,GNAT2
874,SYT7
875,INHBB
876,CTSL
877,TRIM27
878,CHMP7
879,KCNB1
880,AMBRA1
881,ARRB1
882,SETX
883,PRMT5
884,RORA
885,PRKD2
886,HNF4A
887,ABCA2
888,NR4A1
889,MAP3K5
890,STX3
891,TNFSF4
892,GLRA1
893,SIN3A
894,MESP1
895,LOX
896,CHMP1B
897,PLA2G3
898,ZBTB16
899,MFSD2A
900,CCN1
901,KIF5B
902,HEXB
903,SLC26A6
904,GPLD1
905,ATXN3
906,MRE11
907,APPL1
908,CSNK1D
909,KCNC2
910,JAK1
911,LILRB2
912,RBX1
913,CYP3A4
914,RAB29
915,SMPD1
916,APPL2
917,CHMP4C
918,ITPR1
919,PAK2
920,FGG
921,RAP1A
922,CAMK2A
923,DMTN
924,EIF4G1
925,NFATC4
926,EHMT2
927,CLASP2
928,TPR
929,MYO7A
930,KRAS
931,TCF21
932,ALOX15B
933,PNPT1
934,FGR
935,AKR1C1
936,RIPK3
937,DBH
938,C3
939,ULK1
940,CR1
941,PTAFR
942,SNAPIN
943,USP9X
944,PRDM1
945,ABCB11
946,LRP6
947,TICAM1
948,APOC3
949,ADGRV1
950,RAB10
951,GLI1
952,PTPN22
953,BAD
954,DYRK1A
955,SGK1
956,VCL
957,DDB1
958,CLTC
959,CBS
960,ADRA1A
961,DPP4
962,AVPR1A
963,BAP1
964,PKN1
965,AP3B1
966,FGF1
967,ZIC3
968,NLRP6
969,GRM5
970,GBP1
971,HNRNPD
972,HYAL1
973,FOXJ1
974,KMT2A
975,MAVS
976,CHMP6
977,ABCC4
978,FZD3
979,UBE2B
980,MAD2L2
981,ECT2
982,EMILIN1
983,NEUROG1
984,RGS14
985,EREG
986,CYP4F2
987,RAD21
988,FASLG
989,SCX
990,CHMP5
991,SLC1A2
992,SMARCA2
993,SOX10
994,TAOK2
995,ATRX
996,FOLR1
997,ITGB6
998,COL2A1
999,MARK2
1000,ACTN1
1001,IL6R
1002,NDEL1
1003,SMARCA5
1004,TOR1A
1005,NTSR1
1006,MYOD1
1007,S1PR1
1008,DAXX
1009,GRN
1010,PLK3
1011,DYNLL1
1012,PLCG1
1013,CD38
1014,TMED10
1015,NOX4
1016,TOP2A
1017,TERF1
1018,IL15
1019,ARC
1020,KCNQ3
1021,NBN
1022,MLH1
1023,P4HB
1024,PPP1CA
1025,IL23A
1026,DTX3L
1027,SMAD5
1028,PKHD1
1029,WNT3
1030,LGMN
1031,CD44
1032,FKBP1B
1033,CCL11
1034,CLDN1
1035,MET
1036,ROBO1
1037,RXRA
1038,TAL1
1039,TYROBP
1040,CTNS
1041,PKN2
1042,AZU1
1043,SIRPA
1044,BBS1
1045,SLC38A2
1046,SIX4
1047,PIKFYVE
1048,FGF13
1049,MAGI2
1050,WFS1
1051,RAD50
1052,FKBP1A
1053,BMP5
1054,ABAT
1055,AHR
1056,CRIPTO
1057,SLC8A3
1058,FLT3
1059,HMGCS2
1060,MYO1C
1061,WAS
1062,HNF1B
1063,TYMS
1064,TFAP2A
1065,GIT1
1066,CASK
1067,CNTNAP2
1068,LATS1
1069,RAC2
1070,SELENOS
1071,AIF1
1072,MEN1
1073,DVL2
1074,BMP10
1075,TRIM28
1076,CD34
1077,PDCD6
1078,PLAAT3
1079,RACGAP1
1080,ILK
1081,LDB1
1082,JAK3
1083,CHEK1
1084,ZPR1
1085,CYP1A2
1086,HEY1
1087,PDE4D
1088,CYBB
1089,MUL1
1090,WWTR1
1091,BIRC5
1092,ACTN3
1093,F7
1094,SLC24A4
1095,GAPDH
1096,ABCA12
1097,RALA
1098,IKBKG
1099,RIGI
1100,CGAS
1101,SLC8A2
1102,TNFRSF1A
1103,PDCD6IP
1104,SCARB2
1105,GBF1
1106,CD40
1107,NRG1
1108,CRHBP
1109,CLN8
1110,KIF3B
1111,HGF
1112,TFAP2B
1113,AKAP9
1114,CD28
1115,CSNK2B
1116,IL12A
1117,PLTP
1118,SERPINE2
1119,ALS2
1120,TSC2
1121,NEDD9
1122,SYNE1
1123,CALB1
1124,RAB13
1125,AJUBA
1126,UBE3A
1127,ADGRB1
1128,LBP
1129,CLCN3
1130,AKT2
1131,GDF2
1132,BMAL1
1133,CSNK2A1
1134,CTSG
1135,MAP2
1136,PRKCQ
1137,KIF20B
1138,VIM
1139,RAB14
1140,UPF1
1141,GIP
1142,IL13
1143,PARP9
1144,ADAR
1145,ZFPM1
1146,FECH
1147,MTTP
1148,PLA2G1B
1149,ATP8B1
1150,WNK4
1151,IGF2
1152,SULF1
1153,RPGRIP1L
1154,EIF2AK4
1155,RC3H1
1156,HSP90B1
1157,BMPR1B
1158,SRI
1159,ITPR3
1160,CSNK1A1
1161,APOC2
1162,FGF7
1163,JUN
1164,CTTN
1165,FBXW11
1166,BDNF
1167,SPTBN1
1168,METTL3
1169,PBX1
1170,VEGFC
1171,CYBA
1172,CXCR2
1173,MYOC
1174,NLRP1
1175,PIK3C3
1176,IRAK3
1177,DNA2
1178,SLC29A1
1179,AIM2
1180,XIAP
1181,BRIP1
1182,BACE1
1183,TYK2
1184,SLC1A4
1185,DNM1
1186,BTRC
1187,VAMP8
1188,FZD1
1189,GPI
1190,RAMP2
1191,HAS2
1192,FLT4
1193,HAND1
1194,PTPRS
1195,EDN3
1196,CCNA2
1197,FKBP4
1198,MALT1
1199,CDK9
1200,ATP6AP2
1201,C9orf72
1202,EIF2AK2
1203,NOX1
1204,DNM3
1205,GHRHR
1206,HSD17B10
1207,IFT172
1208,DBNL
1209,HSPA2
1210,HEYL
1211,ATG14
1212,ACACB
1213,WNT2
1214,CDK5RAP3
1215,SMURF1
1216,FGFR3
1217,TBK1
1218,WDPCP
1219,MAPK9
1220,CLIC4
1221,NFATC2
1222,ZEB2
1223,RAMP3
1224,SNAI1
1225,RASGRP1
1226,CORO1C
1227,DICER1
1228,CTSK
1229,RAB38
1230,HLA-F
1231,SMARCC1
1232,NR5A1
1233,IGFBP5
1234,EHD1
1235,SERPINA5
1236,NRXN1
1237,IDE
1238,DDX1
1239,LAMA5
1240,CDK4
1241,MAP2K7
1242,BAG3
1243,ABCA3
1244,EOMES
1245,RABGEF1
1246,ICAM1
1247,ATP6V1B1
1248,SHANK2
1249,CLDN3
1250,INO80
1251,ACHE
1252,HDAC5
1253,ATP8A2
1254,NECTIN2
1255,THRA
1256,DST
1257,NEK2
1258,HIPK1
1259,TRAF3
1260,PLPP3
1261,UFL1
1262,MEFV
1263,CYP26B1
1264,TNC
1265,NLGN3
1266,SLC22A3
1267,IFNB1
1268,CLOCK
1269,DLG5
1270,UVRAG
1271,PRKG1
1272,CCAR2
1273,MAPKAPK2
1274,RGCC
1275,VPS11
1276,SMC5
1277,LDLRAP1
1278,CSF2
1279,BBS2
1280,GRIN2D
1281,TRIM24
1282,MYO5A
1283,OAS1
1284,RBM4
1285,EXOSC10
1286,ALDOA
1287,MAP2K6
1288,ADNP
1289,PER2
1290,RGS2
1291,YWHAZ
1292,PALS1
1293,ING2
1294,DDX21
1295,PDCD10
1296,ANKRD1
1297,DUOX2
1298,VAPA
1299,RHOB
1300,NSG1
1301,ZEB1
1302,NPPA
1303,BCAP31
1304,ITGA8
1305,FGF23
1306,PFN1
1307,PDE4B
1308,SLAMF1
1309,GNA11
1310,MSTN
1311,RARB
1312,SUMO1
1313,ARL8B
1314,TAF10
1315,EPB41L5
1316,MYOG
1317,NCF1
1318,LONP1
1319,ATP1A3
1320,MTM1
1321,ALOX15
1322,CXCL8
1323,HGS
1324,SCNN1B
1325,BRSK1
1326,SPN
1327,C5AR1
1328,SP3
1329,TARDBP
1330,MYH6
1331,SUV39H1
1332,EPAS1
1333,GNA12
1334,CARD11
1335,STX1A
1336,CALCR
1337,UGT1A1
1338,COPS5
1339,ACTL6B
1340,DNAJA1
1341,CHD4
1342,BICD1
1343,SEMA5A
1344,MAPRE1
1345,PARD3
1346,TRPM2
1347,LCP1
1348,BARD1
1349,RAB11FIP3
1350,HPRT1
1351,EFNB2
1352,ABCB1
1353,FSCN1
1354,POLB
1355,PPP3R1
1356,UBB
1357,LMNA
1358,P2RY12
1359,CD24
1360,OPA1
1361,FBP1
1362,KCNA2
1363,PEX5
1364,CACNB4
1365,MAPK15
1366,CD47
1367,INTU
1368,CHRNA3
1369,SEMA4D
1370,DLX1
1371,DSP
1372,IRF3
1373,VPS18
1374,AMFR
1375,SFN
1376,GABARAP
1377,TNFRSF1B
1378,USH1C
1379,PLK2
1380,MAPK7
1381,IFI16
1382,ABCB6
1383,FBXO7
1384,SMARCD1
1385,EIF4E
1386,ZP3
1387,HOXA11
1388,FLOT2
1389,DLL4
1390,NKX6-1
1391,TIGAR
1392,NTF3
1393,PLN
1394,PRLR
1395,INPP5D
1396,MAP1A
1397,EFNA5
1398,BCL11B
1399,ADARB1
1400,SHOX2
1401,ROR2
1402,PRRX1
1403,CALCA
1404,WASL
1405,GRHL2
1406,BRSK2
1407,GABRA5
1408,APOA5
1409,LIN28A
1410,PRMT1
1411,GCLM
1412,KIFAP3
1413,PCSK1
1414,G6PD
1415,OCRL
1416,FES
1417,TJP1
1418,NLGN4X
1419,AIFM1
1420,SIX3
1421,MYB
1422,SHC1
1423,FFAR4
1424,GJB2
1425,RNF8
1426,SLC27A1
1427,SERPINF2
1428,HLA-B
1429,CENPJ
1430,INSM1
1431,GOLGA2
1432,PLEK
1433,SERPINE1
1434,EDN2
1435,INCENP
1436,PLAU
1437,SLC39A14
1438,NOP53
1439,YTHDF2
1440,IRS2
1441,HOOK3
1442,UNC13B
1443,SIX2
1444,VDAC1
1445,ARHGAP35
1446,IKBKE
1447,MERTK
1448,APC2
1449,IGF2BP1
1450,PLAUR
1451,RUNX1
1452,TRIM6
1453,ANGPTL3
1454,NCK2
1455,WNT9B
1456,VPS33B
1457,HBB
1458,KDM2B
1459,KCNC1
1460,DPEP1
1461,MAP1S
1462,MMP12
1463,DYNC1H1
1464,BMI1
1465,GOLPH3
1466,CASP9
1467,ATP5F1A
1468,SLC17A8
1469,APBB1
1470,PNP
1471,MAP3K20
1472,DAPK1
1473,TRIM25
1474,HSPA9
1475,SMARCE1
1476,CDK5RAP2
1477,OSR2
1478,LAPTM5
1479,MARK4
1480,ITGA6
1481,IL2RG
1482,SMARCD3
1483,FLRT3
1484,VHL
1485,NCBP1
1486,FGF21
1487,GSDMD
1488,CCN2
1489,TOLLIP
1490,ALKBH1
1491,PKP2
1492,KPNB1
1493,SMC3
1494,MEF2A
1495,CACNG2
1496,NOS1AP
1497,RAB17
1498,INPP5F
1499,S100A10
1500,SLC39A8
1501,CTSS
1502,DRD5
1503,AP2M1
1504,SLC4A10
1505,FMN2
1506,KCNJ2
1507,PKD2L1
1508,CXCL13
1509,UCHL5
1510,CRY1
1511,ATP2B1
1512,STOX1
1513,NEK6
1514,NKX2-2
1515,TAF9
1516,SLC5A1
1517,HOXA5
1518,CRB1
1519,SEPTIN4
1520,E2F1
1521,SEPTIN2
1522,ANO6
1523,SLC30A1
1524,TNFRSF11A
1525,SALL1
1526,P2RX1
1527,RPS19
1528,NDC80
1529,CNOT7
1530,SMC1A
1531,ARF4
1532,PIAS1
1533,ARID1A
1534,OPRD1
1535,IDO1
1536,DZIP1
1537,DDR1
1538,XPC
1539,TUBB
1540,KCNE1
1541,AKR1C4
1542,WHRN
1543,HSPG2
1544,NR2F2
1545,PTK7
1546,AREG
1547,RBP4
1548,ADAM15
1549,EFNA1
1550,SLC6A1
1551,ITGB4
1552,HCLS1
1553,CDK7
1554,LAMTOR1
1555,FLT1
1556,PPP1R12A
1557,CLDN5
1558,FKBP8
1559,RTEL1
1560,AKR1B1
1561,CHEK2
1562,GNAQ
1563,USP8
1564,SRPK2
1565,OVOL2
1566,CRB2
1567,NUP98
1568,SIRT4
1569,HLA-DRA
1570,MTMR2
1571,NR0B1
1572,STAU2
1573,P2RX3
1574,VAMP3
1575,TNK2
1576,OPRM1
1577,AP1G1
1578,SREBF2
1579,RIT2
1580,SP1
1581,VAMP7
1582,AMOT
1583,APOD
1584,SLC29A4
1585,GLRX2
1586,IRS1
1587,PRKAR1A
1588,PABPC1
1589,LAMP1
1590,TARBP2
1591,ENO1
1592,NME1
1593,CSRP3
1594,DLC1
1595,TP73
1596,PCM1
1597,DDRGK1
1598,CHI3L1
1599,INPPL1
1600,MCOLN1
1601,NFATC1
1602,CUBN
1603,RBBP4
1604,GBP5
1605,CHRM3
1606,ATP6V1A
1607,GRIN2C
1608,ACP3
1609,PRKRA
1610,KAT6A
1611,SEPTIN7
1612,F11R
1613,ERCC3
1614,SLC16A1
1615,ID4
1616,FAP
1617,SNRPB
1618,DAPK3
1619,SLC18A2
1620,AP3D1
1621,IL7R
1622,CUL4A
1623,RHO
1624,XRCC1
1625,STX17
1626,GDF5
1627,HUWE1
1628,WASF2
1629,EPHA3
1630,CAMK2B
1631,FAS
1632,ARL3
1633,POSTN
1634,RPS7
1635,RTN4R
1636,AHI1
1637,FRS2
1638,MSH6
1639,QKI
1640,EPS8
1641,SPTBN2
1642,CACNA1C
1643,SERPINF1
1644,ZAP70
1645,AKAP5
1646,DYNC2H1
1647,GIGYF2
1648,RAB1A
1649,DDX17
1650,TTC8
1651,SPG11
1652,CCL4
1653,FZD7
1654,CRY2
1655,BBS7
1656,BCAR1
1657,SEMA3A
1658,MAP2K3
1659,ACTA2
1660,LEPR
1661,TTBK1
1662,PLXND1
1663,ATP5F1B
1664,HPN
1665,IRAK4
1666,RC3H2
1667,ADGRG1
1668,A2M
1669,GTF2B
1670,CHRNA4
1671,S100A12
1672,SNX3
1673,NTRK3
1674,ROBO2
1675,AGTR2
1676,OAS3
1677,EXT2
1678,FIS1
1679,FOXH1
1680,LRPAP1
1681,ACTR2
1682,ERBIN
1683,VTI1A
1684,MYO1D
1685,ITPKB
1686,STAT6
1687,ABI2
1688,SP100
1689,HEG1
1690,MAP2K5
1691,SCGB1A1
1692,PRKAG2
1693,RPL23
1694,ACTA1
1695,SULF2
1696,CENPE
1697,NUDT1
1698,ASH1L
1699,HK2
1700,SLC25A5
1701,NPHP3
1702,MBP
1703,NDFIP1
1704,MAOB
1705,DLX2
1706,FABP5
1707,DUOX1
1708,AGTR1
1709,USP7
1710,NECTIN1
1711,ATP2A1
1712,PIK3R2
1713,EHD3
1714,RAB21
1715,GIPC1
1716,PRDX3
1717,NTN1
1718,P2RX2
1719,ECE1
1720,YES1
1721,H2AX
1722,OPTN
1723,TIFAB
1724,PIK3C2A
1725,TOP1
1726,IFIH1
1727,ELAVL1
1728,ATP2B2
1729,TOPORS
1730,PSAP
1731,KCND2
1732,PPIF
1733,TPM1
1734,S100B
1735,GNA13
1736,CPEB3
1737,CCT8
1738,CSK
1739,BVES
1740,MTA1
1741,EEF1A1
1742,MPO
1743,PDGFC
1744,SRD5A2
1745,TCP1
1746,RANBP2
1747,CARD8
1748,NCOA2
1749,NEDD4L
1750,FGFR4
1751,CTSC
1752,AKIRIN2
1753,SLC38A1
1754,APOC1
1755,BID
1756,RAB32
1757,SUFU
1758,RB1CC1
1759,RGN
1760,COMMD1
1761,HCRT
1762,ABCC5
1763,MAPKAPK5
1764,PLA2G2A
1765,HAMP
1766,GLUL
1767,THRB
1768,SNX9
1769,PRMT2
1770,IDH1
1771,RNF112
1772,RPL5
1773,ADCYAP1R1
1774,MICAL1
1775,UHRF1
1776,SNW1
1777,ZW10
1778,TULP3
1779,NGF
1780,EIF2S1
1781,GFAP
1782,EPHA7
1783,MAP2K4
1784,HDAC9
1785,PIM1
1786,EPB41
1787,CAMSAP3
1788,NUCKS1
1789,RANGAP1
1790,EPHB3
1791,GABRB1
1792,ELAVL4
1793,ID3
1794,GAA
1795,DDX20
1796,EEF2K
1797,RCC2
1798,TENM1
1799,TUBG1
1800,SLC2A10
1801,APAF1
1802,ACVR1B
1803,PTGIS
1804,INHA
1805,BST2
1806,CSNK1E
1807,FGF18
1808,GRID2
1809,TNXB
1810,ASPM
1811,MT-RNR2
1812,SLC17A7
1813,DNAJA3
1814,TICAM2
1815,NIN
1816,PTH1R
1817,IL23R
1818,PLOD3
1819,TAPBP
1820,VTI1B
1821,PIP5K1A
1822,EHD2
1823,TPPP
1824,FGF4
1825,FOXB1
1826,AQP8
1827,RHOG
1828,RYR1
1829,STAT5A
1830,USP33
1831,LGR4
1832,PTPRO
1833,FOXO4
1834,NPHP4
1835,NSF
1836,FCER1G
1837,CHRM1
1838,BRD7
1839,MYO1E
1840,RAB8B
1841,HHEX
1842,PIAS4
1843,PUM2
1844,FBXO5
1845,TP53INP1
1846,DOCK2
1847,APBA1
1848,MED12
1849,TWF2
1850,MCM2
1851,ADD1
1852,ZBTB7B
1853,ARG2
1854,OSBP
1855,ARID5B
1856,SELENOK
1857,HPGD
1858,POMC
1859,CFL1
1860,GAK
1861,DGAT2
1862,TOPBP1
1863,ARFGEF2
1864,PMAIP1
1865,PECAM1
1866,MKS1
1867,GBP2
1868,DKC1
1869,RPL11
1870,DLG2
1871,ATG7
1872,NLRC4
1873,CYP2E1
1874,SELP
1875,WASHC1
1876,CD300A
1877,GH1
1878,TNR
1879,PLA2G4C
1880,RRAGA
1881,CD209
1882,SLC26A5
1883,KRT1
1884,CNP
1885,CCR5
1886,RAB11B
1887,CNGB1
1888,ITGB8
1889,TESK1
1890,ARID5A
1891,FPR2
1892,CDH3
1893,TENT4B
1894,NR0B2
1895,PLEKHA1
1896,SNX10
1897,HOXA13
1898,DBN1
1899,SRGAP2
1900,PTGES3
1901,ZMYND8
1902,CD274
1903,TP53BP1
1904,EDA
1905,CHD8
1906,ZBTB7A
1907,TAF7
1908,NT5E
1909,DNAJB1
1910,SLC28A2
1911,YWHAH
1912,KIF18A
1913,KCNH2
1914,DNAJB6
1915,HNRNPK
1916,CETP
1917,PRF1
1918,OGG1
1919,STC1
1920,AICDA
1921,CTSD
1922,ZFP36L2
1923,RIMS1
1924,IRF1
1925,STX1B
1926,IRF8
1927,GSTM2
1928,KLF2
1929,ALB
1930,TPCN2
1931,AOC1
1932,PDIA3
1933,CD40LG
1934,ITGA1
1935,KATNB1
1936,CYP2C9
1937,PIK3R4
1938,VAV3
1939,USH2A
1940,KHDRBS1
1941,DMRT1
1942,MYO1G
1943,NCBP2
1944,ATP5IF1
1945,ABCC9
1946,CPT1A
1947,DLX5
1948,IFNA2
1949,AKAP12
1950,HPSE
1951,SCIN
1952,CAMP
1953,CDC20
1954,TRAF4
1955,VAV1
1956,MITF
1957,PLA2G6
1958,SUZ12
1959,CD160
1960,ARID1B
1961,ING4
1962,RAP1B
1963,SLC4A8
1964,SNRPD3
1965,CIDEA
1966,ADCY1
1967,SYNJ1
1968,TLN1
1969,CCR1
1970,TRIM37
1971,LIPC
1972,ACTC1
1973,BIRC3
1974,MAEL
1975,CASP4
1976,IL17F
1977,STXBP3
1978,PIP5K1C
1979,POLQ
1980,TESC
1981,PGR
1982,SYN1
1983,ATP1A4
1984,MLXIPL
1985,LOXL2
1986,HESX1
1987,EPS15
1988,WRAP53
1989,ARHGEF7
1990,LAMA1
1991,FERMT1
1992,GAL
1993,NEURL1
1994,RYK
1995,CTBP2
1996,DMC1
1997,RAPGEF3
1998,HEXA
1999,SELE
2000,BSG
2001,ARL2
2002,ZDHHC2
2003,RAD51C
2004,FOXA2
2005,PCSK5
2006,HAX1
2007,GLRB
2008,SNTA1
2009,STX6
2010,RANGRF
2011,G3BP1
2012,WIPI1
2013,OPHN1
2014,TTBK2
2015,NUDT16
2016,CD1D
2017,SLC29A3
2018,ACTR3
2019,UCHL1
2020,IRF7
2021,ACKR3
2022,GABRA2
2023,EIF6
2024,CDX2
2025,DACT1
2026,ARID2
2027,DUSP10
2028,CPNE1
2029,APLNR
2030,LAMB1
2031,HNRNPA1
2032,CSNK2A2
2033,PNKP
2034,OBSCN
2035,MAFB
2036,LATS2
2037,SHROOM2
2038,CTH
2039,FAF1
2040,IL7
2041,TNIK
2042,PF4
2043,POU3F2
2044,NOTCH3
2045,UBE2N
2046,CYP27B1
2047,CDH11
2048,PARP3
2049,APOH
2050,TAOK1
2051,CBLB
2052,ISG15
2053,PPIB
2054,RASSF2
2055,SH3BP1
2056,TPP1
2057,SRPK1
2058,CD86
2059,AVPR2
2060,TLR8
2061,SPP1
2062,CHD3
2063,PPM1F
2064,STX7
2065,DYRK3
2066,PSMD10
2067,HYAL3
2068,CERT1
2069,AMBP
2070,WNK3
2071,HNRNPA2B1
2072,RNF41
2073,ATOH1
2074,ACVR1C
2075,PLA2G5
2076,YBX3
2077,ZFPM2
2078,COL1A2
2079,COBL
2080,CCL8
2081,ESRRB
2082,ATP7B
2083,NLRP12
2084,APLP1
2085,ARNT
2086,CTNND1
2087,PURA
2088,ALDH1A3
2089,RRAGC
2090,HTR2C
2091,IL1RAP
2092,RAB3GAP1
2093,CDC73
2094,ASIC2
2095,CARMIL1
2096,ZNF385A
2097,NPR1
2098,PARP2
2099,DSCAM
2100,CALCRL
2101,NFIA
2102,HK1
2103,SARM1
2104,AKR1A1
2105,IST1
2106,CDKN1C
2107,USP15
2108,SCP2
2109,SLC7A8
2110,PROM1
2111,CHGA
2112,ATP6V0C
2113,PKM
2114,BCHE
2115,NPNT
2116,CNOT1
2117,ALK
2118,PIWIL2
2119,TCAP
2120,RPS6KA2
2121,LIMD1
2122,CCNB1
2123,GNAI1
2124,PGRMC1
2125,SH3GLB1
2126,FAM107A
2127,GNAI3
2128,SNF8
2129,DROSHA
2130,UBE2I
2131,WDR19
2132,GRK2
2133,ERAP1
2134,KAT8
2135,MCRS1
2136,ATP6V0D1
2137,TAP1
2138,ABCG2
2139,RAB12
2140,RELB
2141,GRM2
2142,SOCS1
2143,TDG
2144,CIDEB
2145,SAMHD1
2146,SMC6
2147,CBX5
2148,PRDM14
2149,SLC32A1
2150,TUBB3
2151,CLSTN3
2152,CRHR1
2153,TRADD
2154,XRCC3
2155,ABL2
2156,CASP2
2157,RPS6KA5
2158,CD2
2159,CLIP3
2160,ADCYAP1
2161,SGPL1
2162,SLC5A3
2163,ATP8A1
2164,RAB27B
2165,AKAP6
2166,GPIHBP1
2167,BRCC3
2168,ANO1
2169,NRCAM
2170,CDH17
2171,PLD1
2172,PRDM9
2173,SKIL
2174,DNMT1
2175,LPCAT1
2176,EGLN1
2177,ATF6
2178,NDN
2179,PALLD
2180,KRT18
2181,ACSL1
2182,STIL
2183,CARM1
2184,RIPOR2
2185,PAK3
2186,BASP1
2187,COL11A1
2188,SLC29A2
2189,CLN5
2190,TJP2
2191,CEP290
2192,YKT6
2193,MAPK8IP2
2194,CORO1B
2195,SLC12A5
2196,ONECUT1
2197,ABI1
2198,PGLYRP1
2199,HBA1
2200,BSN
2201,FTO
2202,NR5A2
2203,CLEC4M
2204,FBN1
2205,TOP2B
2206,FOXL2
2207,ADRB1
2208,STAP1
2209,AGRN
2210,XRCC2
2211,RUNX3
2212,PAWR
2213,CDKL5
2214,RHOQ
2215,PTK6
2216,MYO1B
2217,TIMP1
2218,AZIN2
2219,ABCG8
2220,ACAT1
2221,SLC22A6
2222,SLC25A10
2223,SHMT2
2224,SHTN1
2225,SOX18
2226,ARHGEF5
2227,LIMK1
2228,BTG2
2229,CCL24
2230,CDON
2231,CNTNAP1
2232,NOTCH4
2233,CTBP1
2234,CCT2
2235,ME1
2236,LAMP2
2237,CHRNA1
2238,PSEN2
2239,RAP2A
2240,FAM20C
2241,EXOSC9
2242,APLF
2243,SLC4A1
2244,SNX6
2245,FUT7
2246,ARF1
2247,ATAT1
2248,RRM1
2249,RHEB
2250,NAIP
2251,KDM5B
2252,PER1
2253,NCL
2254,SPTBN5
2255,KARS1
2256,USP10
2257,KIF3A
2258,CPEB4
2259,MTHFD1
2260,SIAH2
2261,GCK
2262,WDR1
2263,WLS
2264,JARID2
2265,ACSL3
2266,MTDH
2267,ATG16L1
2268,SYAP1
2269,MAK
2270,MYO18A
2271,SPIRE1
2272,NUDT3
2273,SMARCC2
2274,CASQ2
2275,SLC4A11
2276,PACSIN2
2277,DCANP1
2278,CCL7
2279,RICTOR
2280,CDC6
2281,PDE3A
2282,SNAP23
2283,LAMC1
2284,ECM1
2285,TNN
2286,AQP3
2287,NUP153
2288,TBP
2289,LAMB2
2290,CHRNB4
2291,ANXA11
2292,GRIN3A
2293,CCT4
2294,MAP1LC3A
2295,TAP2
2296,GRM1
2297,RPH3A
2298,ANGPT2
2299,SLC6A9
2300,TIPARP
2301,CDH23
2302,FZD6
2303,UBQLN1
2304,USP13
2305,FEN1
2306,SH2B3
2307,RAB35
2308,NONO
2309,ZBTB1
2310,MAG
2311,S100A7
2312,CAPZB
2313,SIK1
2314,CNN2
2315,GPAM
2316,CYP19A1
2317,DLG3
2318,PARN
2319,STAU1
2320,WNT6
2321,TRIM5
2322,ARHGAP44
2323,MBL2
2324,RECQL5
2325,PI4K2A
2326,ABCC2
2327,RPS27A
2328,NSD2
2329,KLK6
2330,ABCB4
2331,SETMAR
2332,CYGB
2333,ALDH1A1
2334,PDLIM4
2335,RAB6A
2336,CD46
2337,PEX14
2338,RGS4
2339,KRT8
2340,IGFBP3
2341,BAG4
2342,MAPKAP1
2343,CYP2D6
2344,APOBEC1
2345,EMD
2346,PPP1R15A
2347,GJC1
2348,PRPF19
2349,CACNG3
2350,PDXP
2351,NEFH
2352,GADD45A
2353,PODXL
2354,JADE1
2355,AKR1C2
2356,NSMF
2357,TRPC5
2358,DHCR24
2359,PDLIM1
2360,PITPNM1
2361,PFKM
2362,CELF1
2363,PXDN
2364,HOXD10
2365,PRDX1
2366,LHX2
2367,MCL1
2368,FABP1
2369,TRAK1
2370,ASXL1
2371,APCS
2372,NEO1
2373,AGO4
2374,ANXA3
2375,DGKD
2376,HOXA9
2377,CROCC
2378,COL5A1
2379,ASCL2
2380,SDC4
2381,CYP4A11
2382,USP17L2
2383,FST
2384,FCN1
2385,CKAP5
2386,PNPLA2
2387,GPC1
2388,CDK13
2389,CD80
2390,VEGFD
2391,PPP5C
2392,SSH1
2393,NIBAN2
2394,DHH
2395,AGTPBP1
2396,SCN10A
2397,DERL1
2398,SLC22A5
2399,KLF5
2400,RPS6
2401,OGDH
2402,BST1
2403,ABCG5
2404,AURKC
2405,MYH7
2406,SFPQ
2407,WWP2
2408,MYBBP1A
2409,BDKRB2
2410,KIF2A
2411,BCAS3
2412,RNF4
2413,MCM7
2414,CHRM2
2415,TRIB3
2416,HABP4
2417,TGFB1I1
2418,IFT122
2419,PLXNA4
2420,CIITA
2421,ANK1
2422,VEGFB
2423,HLA-C
2424,CLDN4
2425,PSMC5
2426,HCN4
2427,TGFA
2428,HOXA2
2429,LPIN1
2430,AIMP1
2431,PJA2
2432,CPEB1
2433,ACD
2434,PRKAR2B
2435,PLAT
2436,CASP7
2437,EPC1
2438,VLDLR
2439,SCN2A
2440,SLC17A3
2441,OSBPL8
2442,MARK1
2443,ATOH8
2444,VPS33A
2445,SDC1
2446,YWHAG
2447,VCAN
2448,AFDN
2449,RAG2
2450,AGAP2
2451,MFN2
2452,ARFIP2
2453,IFT57
2454,LARP1
2455,RPS6KA3
2456,IFNL1
2457,SEH1L
2458,DPF2
2459,DNMT3L
2460,GPR37
2461,RBBP8
2462,EIF2AK1
2463,PPM1A
2464,ANKRD27
2465,ETS1
2466,LARS1
2467,CAPG
2468,NOL3
2469,ADORA2B
2470,NFKB2
2471,JUNB
2472,SEMA7A
2473,GABARAPL2
2474,GABRG2
2475,WDR77
2476,XPO1
2477,RBBP7
2478,NAPEPLD
2479,SCN1A
2480,FZD2
2481,ATP6V1D
2482,POT1
2483,ADD2
2484,USP2
2485,EN1
2486,MEGF10
2487,ITPKA
2488,TBXA2R
2489,RPL26
2490,ERO1A
2491,POU3F3
2492,SYNE2
2493,ADRA2B
2494,THBS4
2495,NDST1
2496,MYO9B
2497,ZMIZ1
2498,KCNK2
2499,NPC2
2500,SCN1B
2501,RPS6KA1
2502,RORB
2503,RALB
2504,ARL6
2505,EHD4
2506,SEC13
2507,KCNN4
2508,ABCC6
2509,SLX4
2510,SMCR8
2511,FUZ
2512,ULK3
2513,HPCA
2514,CTSB
2515,FUT8
2516,UNC13A
2517,ATG9A
2518,PHEX
2519,GPHN
2520,SERPINB3
2521,KIF2C
2522,CES1
2523,ERCC4
2524,SORBS1
2525,NTF4
2526,RAG1
2527,CACNA1G
2528,SYT5
2529,SUPV3L1
2530,MLST8
2531,AGO3
2532,PHF10
2533,NRXN2
2534,NLRC3
2535,MAPK8IP1
2536,AFG3L2
2537,SORD
2538,AKAP8L
2539,CEMIP
2540,DYRK2
2541,SLC25A17
2542,PACSIN1
2543,PAK5
2544,IL31RA
2545,ATF5
2546,CETN2
2547,FBXO45
2548,IRF4
2549,PIH1D1
2550,ADAMTS13
2551,PPID
2552,TRIM22
2553,NCOR2
2554,RPS14
2555,HMGA1
2556,POLA1
2557,WDR48
2558,ZFYVE1
2559,PINX1
2560,STMN1
2561,IQGAP3
2562,FNTA
2563,NOCT
2564,CER1
2565,MACF1
2566,CYP4F12
2567,RPA2
2568,SKAP1
2569,SMC2
2570,HDAC7
2571,DNAJB2
2572,SLC1A5
2573,CCT5
2574,SCNN1A
2575,PTPRD
2576,SEMA3C
2577,RUFY3
2578,DPYSL3
2579,NDRG4
2580,PPP2CB
2581,MCM8
2582,MBD1
2583,SLC38A9
2584,PRC1
2585,HCN1
2586,APELA
2587,GPR143
2588,NPAS4
2589,HBEGF
2590,DAB1
2591,SPEF1
2592,GAP43
2593,SLC27A2
2594,KCNE3
2595,CSPG4
2596,DUSP3
2597,ABCD3
2598,CYP2C8
2599,SLC31A1
2600,FCN2
2601,EEF2
2602,ABCD2
2603,PANX1
2604,IFT140
2605,LHX3
2606,HLA-DPA1
2607,TIE1
2608,KIF5C
2609,GPS2
2610,CLTA
2611,EIF4ENIF1
2612,INSIG1
2613,SRR
2614,CEP131
2615,SLC38A3
2616,CD9
2617,PREX1
2618,EMX1
2619,SNRPE
2620,APBB2
2621,PDCD4
2622,UNC13C
2623,CDKN2A
2624,PRDX6
2625,USP36
2626,PFN2
2627,IRAK2
2628,SCN8A
2629,ALOX12
2630,ADH5
2631,IAPP
2632,OPRL1
2633,VPS13A
2634,PTGER4
2635,SFRP4
2636,MAN2A1
2637,PRDX4
2638,PCID2
2639,STX2
2640,PRDX5
2641,TTC21B
2642,GRP
2643,TWF1
2644,KIF5A
2645,PRKACB
2646,LOXL3
2647,GABRR1
2648,LLGL1
2649,CADM1
2650,GAS8
2651,UBA52
2652,ELL3
2653,GCG
2654,BIRC6
2655,ABHD6
2656,PITX2
2657,PPARGC1B
2658,JMY
2659,USP16
2660,KCNE2
2661,SLC22A4
2662,OXSR1
2663,KCNIP2
2664,RPS6KA4
2665,AQP11
2666,MYO1A
2667,TRDN
2668,JPH2
2669,AKAP8
2670,PRDX2
2671,MYH14
2672,AIFM2
2673,CYP2C19
2674,HPS4
2675,TNFAIP6
2676,RAB9A
2677,LRPPRC
2678,PNPLA3
2679,RDH10
2680,FNIP1
2681,KDM8
2682,LTA4H
2683,AP2A1
2684,DLD
2685,SSNA1
2686,RAD18
2687,THRAP3
2688,BICD2
2689,PON1
2690,GRIA2
2691,KEAP1
2692,RRP1B
2693,TEAD2
2694,SLC15A4
2695,TCF15
2696,CBX3
2697,DEFA1
2698,CD200
2699,S100A13
2700,SNRPG
2701,TCF3
2702,USO1
2703,KIF16B
2704,CHMP4BP1
2705,P2RY6
2706,DMPK
2707,ITGAX
2708,DTL
2709,FEZF2
2710,IL4R
2711,MYBPC3
2712,DIAPH1
2713,NRIP1
2714,SPTA1
2715,ANXA4
2716,RHOU
2717,TFAP4
2718,LAMTOR5
2719,MNAT1
2720,UNC5C
2721,SOX15
2722,RBMX
2723,CACNA1S
2724,GNAS
2725,EEA1
2726,PPP1CB
2727,PYGL
2728,ULK2
2729,AQP2
2730,UTRN
2731,CTR9
2732,AMELX
2733,NEUROG3
2734,ANKH
2735,KLHL22
2736,CDC14A
2737,PLA2G15
2738,FBL
2739,PBRM1
2740,WASF1
2741,TXNIP
2742,PTPRT
2743,ABI3
2744,TRIM68
2745,MYH10
2746,SLC23A1
2747,TBX18
2748,TSKU
2749,ARFGEF1
2750,HLTF
2751,MINK1
2752,CLDN19
2753,VDAC2
2754,CD33
2755,ATP2C1
2756,UCP1
2757,SOX6
2758,TADA3
2759,ALOX12B
2760,MYCBP2
2761,SLC6A6
2762,CCL13
2763,PLXNB1
2764,BLOC1S1
2765,TERF2IP
2766,TCF12
2767,BIRC7
2768,MYO10
2769,PDLIM5
2770,WASHC2C
2771,WASHC5
2772,PLS1
2773,ATP9A
2774,GDF3
2775,NSUN2
2776,UCP3
2777,CDKN2D
2778,SRP54
2779,PIWIL1
2780,TIMELESS
2781,PAK6
2782,NFATC3
2783,POLD1
2784,ADRB3
2785,CHRNA2
2786,PARVA
2787,TMF1
2788,STC2
2789,F3
2790,BLOC1S6
2791,SH3GL2
2792,BHLHA15
2793,GFRA1
2794,GTPBP4
2795,APH1A
2796,RIF1
2797,IFT27
2798,AHCYL1
2799,SOST
2800,ATN1
2801,PBXIP1
2802,CTNNA2
2803,SLC5A8
2804,PRTN3
2805,KL
2806,GABRG3
2807,CD55
2808,ACSM1
2809,SYNGAP1
2810,BATF
2811,VAPB
2812,ABCA4
2813,GDF7
2814,IFT80
2815,MARCKS
2816,BAG5
2817,ACP5
2818,CA2
2819,RASA1
2820,AIRE
2821,ASAH2
2822,LIPG
2823,RNF2
2824,UBE2D3
2825,SNX1
2826,EIF3E
2827,STX12
2828,MVP
2829,REN
2830,KLRK1
2831,LPCAT3
2832,URI1
2833,CHRNB1
2834,HINFP
2835,CAMK1
2836,SNU13
2837,SNAP29
2838,DYNLT1
2839,SCAP
2840,PCBP2
2841,PARP10
2842,GJB6
2843,TOM1
2844,EXOSC3
2845,RNF34
2846,IGHMBP2
2847,VGF
2848,SLC38A5
2849,NEUROD2
2850,TFPT
2851,MICA
2852,TRIP11
2853,STK26
2854,ADAMTS12
2855,GEMIN5
2856,LRG1
2857,PELO
2858,SART3
2859,HNRNPC
2860,PLSCR3
2861,BUB1B
2862,RNF168
2863,CST3
2864,TAFAZZIN
2865,DGKI
2866,KMT2E
2867,CSPG5
2868,CLSTN1
2869,PKMYT1
2870,CACNG7
2871,PAK4
2872,MYO3A
2873,RBM14
2874,MAD2L1
2875,SLC27A5
2876,GPSM2
2877,MTSS1
2878,WNT5B
2879,MDM4
2880,TRIM38
2881,ATP6AP1
2882,CDK20
2883,CCDC88C
2884,IL1RL1
2885,NDUFS2
2886,CAPRIN1
2887,PDXK
2888,GPX4
2889,CANX
2890,NMI
2891,GNB3
2892,SPAG9
2893,ILF3
2894,ZIC1
2895,PDGFD
2896,FOXN1
2897,FEZ1
2898,SENP2
2899,SLC27A4
2900,GPRC5B
2901,LIMK2
2902,CASQ1
2903,DPYD
2904,STX8
2905,BAIAP3
2906,PROM2
2907,HELLS
2908,AHCTF1
2909,ZNF207
2910,LGALS1
2911,TMIGD1
2912,CCR6
2913,CDKN2B
2914,RALBP1
2915,IP6K2
2916,ARX
2917,PLAA
2918,TUBB4A
2919,RAB31
2920,IPMK
2921,DYNC1LI1
2922,ELK1
2923,CDCA8
2924,IRF5
2925,FCN3
2926,HCFC1
2927,IMPDH2
2928,CNTF
2929,APOBEC3G
2930,GNB1
2931,DCHS1
2932,SMTNL1
2933,GRHL3
2934,CREB3L1
2935,SHMT1
2936,TET1
2937,ASIC1
2938,VWF
2939,PALM
2940,NCOR1
2941,CARTPT
2942,MTPN
2943,RAB23
2944,CPLX2
2945,SPRY1
2946,SMARCD2
2947,NDE1
2948,ASPH
2949,GBA2
2950,HOXA3
2951,TBL1XR1
2952,CHD5
2953,TRIB1
2954,SIRT5
2955,GRIK3
2956,MYLK
2957,RGS9
2958,SCIMP
2959,SOCS2
2960,IRF6
2961,SARS1
2962,ATP6V1H
2963,RXRB
2964,EPHA5
2965,LTA
2966,KCNJ10
2967,FAT1
2968,BMP1
2969,MIA3
2970,VMP1
2971,DNAJC3
2972,KIF13A
2973,MST1R
2974,STK24
2975,NUDT12
2976,SPAG5
2977,TNNI3
2978,DUSP22
2979,GART
2980,GATA5
2981,GRM7
2982,SPRED1
2983,ATP6V0A1
2984,PSMD14
2985,GAD2
2986,KNG1
2987,MARCHF7
2988,CCN4
2989,ATIC
2990,MAP4
2991,RPE65
2992,NLK
2993,TLR1
2994,SYVN1
2995,SEPTIN6
2996,RPS15
2997,ATP1B3
2998,SNRPF
2999,S100A6
3000,DTX1
3001,PLXNB2
3002,ARSB
3003,TNKS2
3004,CACTIN
3005,KCNMA1
3006,UGT1A8
3007,FUT10
3008,MYF5
3009,CELF4
3010,ASAH1
3011,SLC40A1
3012,GP1BA
3013,BAZ1B
3014,FBLN1
3015,BAAT
3016,LAMA2
3017,HTR1A
3018,RFPL1
3019,KDM4A
3020,NUMB
3021,KDM3A
3022,SNX2
3023,RORC
3024,MAEA
3025,EPHA1
3026,NMB
3027,PRKCH
3028,PKP4
3029,KLHL20
3030,FLVCR1
3031,SPARC
3032,POLE
3033,RHOC
3034,ATG12
3035,ST6GAL1
3036,PTPN23
3037,RIMS2
3038,CMKLR1
3039,CD177
3040,CCL1
3041,ACOD1
3042,FLRT2
3043,EXOSC8
3044,IREB2
3045,ENPEP
3046,PFKL
3047,WDR5
3048,ABCE1
3049,AP2B1
3050,CAMK2G
3051,PRDM16
3052,KIF4A
3053,GABRB2
3054,FFAR2
3055,EXOSC5
3056,CACNB2
3057,PRMT6
3058,FANCD2
3059,PXN
3060,DACH1
3061,JCHAIN
3062,NKD2
3063,MEGF8
3064,TRIM8
3065,TAB1
3066,EIF2B5
3067,CACNG4
3068,NPY5R
3069,MEAF6
3070,CTDP1
3071,PDCL3
3072,WWOX
3073,GUCY1B1
3074,SMC4
3075,OTUD7B
3076,SLC25A13
3077,FBH1
3078,MAPK11
3079,SLC25A11
3080,GPD1L
3081,BUB1
3082,SNRPD1
3083,SYP
3084,RNF213
3085,MT-CYB
3086,SPO11
3087,GOT1
3088,SOCS5
3089,SAR1B
3090,SNRPD2
3091,WASH3P
3092,LNPEP
3093,IGF2BP2
3094,CTNNBIP1
3095,CDC42BPB
3096,PKLR
3097,AARS1
3098,SST
3099,LARP7
3100,PSMA6
3101,ADCY6
3102,OMA1
3103,NFAT5
3104,TRIM58
3105,MFHAS1
3106,CCNE1
3107,MTA2
3108,CRP
3109,CHST11
3110,PTBP1
3111,NCOA3
3112,ATP6V0A4
3113,NLRP10
3114,DGKZ
3115,MINPP1
3116,FOXD1
3117,NAT10
3118,PHGDH
3119,LMTK2
3120,PARD6A
3121,HSD17B4
3122,RSAD2
3123,GRK5
3124,ACADM
3125,ALOX5AP
3126,ABHD2
3127,SNX5
3128,HJV
3129,PIF1
3130,VAV2
3131,TENM2
3132,F12
3133,RBM24
3134,PFKFB1
3135,NR1D2
3136,FRZB
3137,DAGLA
3138,PFKP
3139,APLN
3140,IQGAP2
3141,POLR2A
3142,GM2A
3143,GPM6A
3144,IL1RAPL1
3145,VPS41
3146,SWAP70
3147,RBBP6
3148,RAP2B
3149,USF1
3150,PTHLH
3151,NDRG1
3152,TNFRSF21
3153,SLC46A1
3154,ISG20
3155,NPPB
3156,ITGA2B
3157,ZBED3
3158,PTPRK
3159,GIPR
3160,CAPN1
3161,SLC5A6
3162,PCK2
3163,CPLANE2
3164,MEIS1
3165,SOCS3
3166,CDH8
3167,ADH4
3168,SF1
3169,PTX3
3170,SFTPD
3171,CPSF6
3172,PQBP1
3173,ALLC
3174,TNFSF13B
3175,OTC
3176,CCL20
3177,CYB5R3
3178,MUSK
3179,PLXNA3
3180,CTCF
3181,MMP3
3182,FAM83D
3183,TIAL1
3184,GSX2
3185,ADIPOR1
3186,SLC6A14
3187,DNAH11
3188,ATP4A
3189,KIF18B
3190,CHRNA10
3191,BABAM2
3192,IL21
3193,SEC24B
3194,DEFA5
3195,MIB1
3196,OPN4
3197,DHRS4
3198,ARPC2
3199,RFFL
3200,KIF20A
3201,RAMP1
3202,LAMTOR2
3203,TRIM71
3204,RAPSN
3205,TOMM70
3206,TXN
3207,STX5
3208,SH3KBP1
3209,NPR3
3210,ZNF830
3211,FANCM
3212,PLAAT1
3213,SLC30A8
3214,AMH
3215,MECOM
3216,RNF31
3217,CCNF
3218,NDUFAB1
3219,TENT4A
3220,MACROH2A2
3221,BPTF
3222,PID1
3223,MS4A1
3224,APOBEC3H
3225,AHNAK
3226,HOMER2
3227,TMBIM6
3228,CLIC1
3229,ALX4
3230,SATB2
3231,PDK2
3232,CNOT9
3233,TPX2
3234,IFT74
3235,DNAAF1
3236,STAMBP
3237,CEBPG
3238,RPS5
3239,USP14
3240,ATF3
3241,PLA2G4E
3242,CD63
3243,KRT2
3244,RPS3A
3245,SHARPIN
3246,TRPA1
3247,NEK7
3248,LITAF
3249,RIOK3
3250,SYT2
3251,DNAAF4
3252,ACR
3253,RRM2B
3254,PHF8
3255,OCLN
3256,ARG1
3257,FZR1
3258,ACADL
3259,GUCY2D
3260,CD22
3261,SLC9B2
3262,SEMA3F
3263,CMPK1
3264,NPY
3265,WNT2B
3266,HSPA6
3267,PMS2
3268,CUL7
3269,FBXO4
3270,CCT3
3271,EXOSC4
3272,ERCC5
3273,ACO1
3274,SHFL
3275,RAB3B
3276,PRKAG1
3277,INAVA
3278,CARMIL2
3279,ADAMTS9
3280,IL17RA
3281,CD3G
3282,RILP
3283,HELB
3284,EPB41L3
3285,BANF1
3286,EXOC4
3287,OAS2
3288,DNAH5
3289,ROR1
3290,RAB1B
3291,SEPTIN12
3292,ESCO2
3293,PGF
3294,NPAS2
3295,NSD1
3296,VRK1
3297,ZC3H8
3298,PTPRN
3299,DDX6
3300,NDUFA13
3301,TUBB2B
3302,CCNT1
3303,IRX3
3304,BCL2L10
3305,TTK
3306,LRRC8A
3307,FLNB
3308,LACRT
3309,EIF3A
3310,IFI27
3311,NCKAP1
3312,GDF11
3313,CCND2
3314,KDM6B
3315,BRD1
3316,MAPK13
3317,SLF1
3318,SLC6A2
3319,MR1
3320,TBX21
3321,ATP11B
3322,ATXN1
3323,GABRA1
3324,SYNCRIP
3325,LRRTM1
3326,DCAF1
3327,UNC93B1
3328,ANXA6
3329,ATP6V0A2
3330,PAXIP1
3331,MLLT3
3332,CCDC39
3333,ALDOB
3334,MTA3
3335,GPNMB
3336,THBD
3337,CSF3
3338,GLRA2
3339,HLA-DRB3
3340,CTSZ
3341,ALKBH5
3342,NR2E3
3343,MPL
3344,HOOK1
3345,NAPA
3346,RAD23B
3347,CRABP2
3348,CDK16
3349,RAP1GAP
3350,TFDP1
3351,ITGAL
3352,PARP4
3353,ONECUT2
3354,MAP4K4
3355,SKP1
3356,HOOK2
3357,SS18
3358,SAV1
3359,YWHAB
3360,DDX39B
3361,NID1
3362,ADGRF5
3363,CRIPT
3364,FSHB
3365,FOXG1
3366,HLA-H
3367,RAB34
3368,SPART
3369,ATP11A
3370,DUSP1
3371,HLA-DQB1
3372,SLC2A3
3373,PELI1
3374,ITPR2
3375,GNPAT
3376,HIF1AN
3377,SLIT3
3378,APTX
3379,CCL23
3380,TRIP4
3381,ISCU
3382,UBXN2A
3383,SLC25A4
3384,SLC17A6
3385,HOXA1
3386,P3H1
3387,REG3A
3388,KANK1
3389,CCL26
3390,MORC3
3391,EFNB3
3392,ABCA5
3393,STIM1
3394,AVPR1B
3395,NFS1
3396,KDM4D
3397,CBLN1
3398,FIGNL1
3399,KIF17
3400,BLOC1S3
3401,ZDHHC5
3402,COL4A3
3403,CDT1
3404,CPNE3
3405,RP2
3406,CAMK4
3407,DEFB1
3408,BLOC1S2
3409,DCN
3410,THOC2
3411,GLB1
3412,EGR3
3413,GDF15
3414,FA2H
3415,RAD23A
3416,PSMC2
3417,MLH3
3418,TULP1
3419,RPS9
3420,TBCD
3421,TGFBI
3422,CYFIP2
3423,GGT1
3424,SH3PXD2B
3425,UBR5
3426,CD226
3427,MYL2
3428,SEC16A
3429,FGF20
3430,LAT
3431,MBD3
3432,USP44
3433,SMG1
3434,KHSRP
3435,APOBEC3F
3436,GUCY2F
3437,DHX33
3438,PPFIA2
3439,RNF14
3440,NUBP1
3441,STOML2
3442,MEF2D
3443,TSHR
3444,TANK
3445,LMAN1
3446,ATAD5
3447,CNOT2
3448,SLC30A5
3449,PNPLA8
3450,EPPK1
3451,MAP3K13
3452,BPNT2
3453,PITX3
3454,SPOCK1
3455,AQP9
3456,PPIE
3457,SLC7A1
3458,KCNAB2
3459,ABCC3
3460,TRAF5
3461,TUBB4B
3462,SCN2B
3463,SLC25A46
3464,UHMK1
3465,AKAP4
3466,AGL
3467,MID2
3468,IP6K1
3469,RNASEL
3470,RPS13
3471,SIRT3
3472,ADCY3
3473,ESR2
3474,FOXE3
3475,ESPL1
3476,E2F4
3477,RCC1
3478,CDK5R2
3479,TXN2
3480,SMG6
3481,KRIT1
3482,NPLOC4
3483,MAL
3484,USH1G
3485,RRP8
3486,SCN3B
3487,AANAT
3488,HDAC10
3489,RAP2C
3490,PRKAG3
3491,ENDOG
3492,ENPP2
3493,CCNT2
3494,ATG4B
3495,COL13A1
3496,TMEM30A
3497,SF3B1
3498,GTF2F1
3499,DCLK1
3500,MAPK10
3501,NUDT21
3502,CTC1
3503,MSR1
3504,RAD54L
3505,CYRIB
3506,RRAGD
3507,STOM
3508,XRN1
3509,KALRN
3510,DNAJC2
3511,AK4
3512,STAT2
3513,TACR2
3514,ACADVL
3515,GOPC
3516,PC
3517,SURF4
3518,DHFR
3519,SLC10A7
3520,CYP2W1
3521,RAD51D
3522,AKT3
3523,SLC26A7
3524,SORBS2
3525,CARD16
3526,IL1R1
3527,E4F1
3528,WNT16
3529,SLC12A3
3530,ENDOU
3531,ADGRB3
3532,XRN2
3533,RAB7B
3534,OPN3
3535,MYSM1
3536,S100A4
3537,PTF1A
3538,RPA1
3539,RRAS
3540,FTCD
3541,ATG13
3542,CDA
3543,TAF6
3544,UNC119
3545,KPNA2
3546,LIMS1
3547,LILRA2
3548,NPHP1
3549,USP22
3550,TBC1D20
3551,ACLY
3552,HLX
3553,CYP7A1
3554,SEMA3E
3555,INPP5E
3556,SCT
3557,COL18A1
3558,IGFBP2
3559,USP3
3560,DTYMK
3561,LSM1
3562,EFNB1
3563,RP1
3564,MCM5
3565,PLIN5
3566,FOXF2
3567,DNAJC5
3568,OSM
3569,RAB5B
3570,MTCL1
3571,CASC3
3572,DCDC2
3573,HDGF
3574,PTGDS
3575,TFEB
3576,RPL38
3577,EHMT1
3578,HYOU1
3579,VAX1
3580,CNR2
3581,KIF1A
3582,PRPF8
3583,RAB18
3584,SCFD1
3585,GALR2
3586,LPXN
3587,SIGMAR1
3588,EPX
3589,NRG3
3590,PCSK6
3591,TCIM
3592,RAB11FIP5
3593,DAPK2
3594,ACOT8
3595,MARCO
3596,MVB12A
3597,KCNK1
3598,ZNF16
3599,DLX3
3600,PROP1
3601,SH2B2
3602,CCL25
3603,PCLO
3604,DSG1
3605,UBQLN4
3606,RAP1GDS1
3607,SPTAN1
3608,BRD4
3609,STX16
3610,VPS52
3611,ANPEP
3612,ZDHHC7
3613,STK36
3614,DCP2
3615,UXT
3616,MYRF
3617,KIF2B
3618,CSGALNACT1
3619,PRR7
3620,WARS1
3621,SLC4A2
3622,KIF11
3623,HOXA10
3624,KLHL41
3625,HLA-DPB1
3626,NSMCE2
3627,PDK4
3628,VAX2
3629,GCKR
3630,GBX2
3631,IKZF3
3632,PRKX
3633,GRIPAP1
3634,SLITRK6
3635,KPNA1
3636,ENY2
3637,ODAD3
3638,CIB2
3639,PSMC6
3640,HLCS
3641,SLC26A9
3642,TRIO
3643,GLDC
3644,TYMP
3645,MC4R
3646,COLEC11
3647,DHX58
3648,CENPV
3649,ZBTB17
3650,AQP5
3651,NAXE
3652,SVIL
3653,NKX2-3
3654,SNX33
3655,AP1B1
3656,IPO5
3657,UBXN1
3658,CCAR1
3659,LZTS2
3660,IFT52
3661,TFAM
3662,LMO4
3663,GABRA6
3664,SND1
3665,PLCE1
3666,EPHX2
3667,CBX1
3668,TPT1
3669,SLC5A7
3670,MAP3K4
3671,FCGR1A
3672,AHSG
3673,VPS16
3674,INPP5B
3675,PDLIM7
3676,PADI2
3677,MTHFR
3678,CUL4B
3679,EXOSC2
3680,NNT
3681,PARP16
3682,SIPA1
3683,SYTL4
3684,RFC1
3685,CIT
3686,TRAP1
3687,S100A1
3688,HBE1
3689,ATP2C2
3690,SLC30A10
3691,USP47
3692,HSD3B1
3693,STMN2
3694,E2F8
3695,MAPRE2
3696,CACNA2D1
3697,FIG4
3698,LYAR
3699,ARAP1
3700,SERPINB9
3701,RIDA
3702,TNFRSF11B
3703,ADSS1
3704,BAG2
3705,SCNN1G
3706,DUSP6
3707,UBE2S
3708,STAG2
3709,ITGB7
3710,TYR
3711,CTHRC1
3712,C4B
3713,EPRS1
3714,SASH3
3715,MICAL3
3716,AKAP13
3717,AGO1
3718,PAF1
3719,ITSN1
3720,NBR1
3721,DMAP1
3722,HOXD3
3723,RECK
3724,ARL6IP5
3725,EXOC8
3726,BAZ2A
3727,LCT
3728,H1-0
3729,VASP
3730,IL1RN
3731,TSLP
3732,SYNJ2
3733,LDB2
3734,KIF23
3735,HSD17B1
3736,IGHM
3737,FUS
3738,CD6
3739,PLP1
3740,PUM1
3741,CR2
3742,THAP7
3743,TIA1
3744,SLC12A6
3745,PSMC3
3746,MAD1L1
3747,ING5
3748,SHROOM4
3749,OLIG2
3750,TMEM38B
3751,CNTN1
3752,MYH3
3753,RPS8
3754,SETD5
3755,DUT
3756,APOBEC3B
3757,CCM2
3758,PLXNB3
3759,VPS13C
3760,GNAT3
3761,EIF2B2
3762,IER3
3763,COPS2
3764,TNIP2
3765,GHRH
3766,NLGN4Y
3767,HP
3768,RPSA
3769,ERC1
3770,VIP
3771,DMBT1
3772,UNC13D
3773,TEAD4
3774,TNFAIP1
3775,HTR3A
3776,GABRB3
3777,CACNA1D
3778,HSPA1L
3779,ASCC3
3780,MAP3K12
3781,CDC5L
3782,ACTR8
3783,DDIT4
3784,SHOC2
3785,PDE3B
3786,CNGA3
3787,PRAME
3788,MYO19
3789,CXCL9
3790,TRRAP
3791,ORAI1
3792,CAMK1D
3793,PTGS1
3794,SDE2
3795,AATF
3796,TOM1L1
3797,SESN3
3798,KCNJ3
3799,SMURF2
3800,BRK1
3801,SLC1A6
3802,CYP2B6
3803,ATG2A
3804,MLYCD
3805,LSM14A
3806,SLC6A17
3807,WNT10A
3808,MAPK12
3809,LIMA1
3810,AMHR2
3811,CHRND
3812,CELSR1
3813,TRIM72
3814,GABRE
3815,PEX2
3816,INPP5J
3817,GDI1
3818,MID1
3819,SERINC5
3820,FARP1
3821,GOT2
3822,SUN1
3823,EXO1
3824,CYP3A5
3825,MCM3
3826,SKOR2
3827,TWSG1
3828,NOX5
3829,RNF20
3830,GLP1R
3831,CELA1
3832,FTH1
3833,SLC15A2
3834,LRAT
3835,RAD51B
3836,H2BC11
3837,MDH1
3838,STARD3
3839,TNFSF10
3840,LY96
3841,SRA1
3842,PLK4
3843,SSTR3
3844,RPS28
3845,ENTPD1
3846,CD84
3847,L1CAM
3848,IFNK
3849,LCAT
3850,AOC3
3851,EP400
3852,TNFSF14
3853,ATP2A3
3854,SLC4A5
3855,APOBEC3A
3856,RHOD
3857,TADA2A
3858,CCNB2
3859,IL27RA
3860,SLC36A1
3861,SLC4A7
3862,HRH1
3863,KMT2D
3864,SYCP1
3865,MMS19
3866,PAOX
3867,SYT10
3868,RBM15
3869,CBY1
3870,HOXD9
3871,ENPP3
3872,GRIA4
3873,TAF6L
3874,DEAF1
3875,SLC9A9
3876,SASH1
3877,S100A11
3878,PBX3
3879,JAG2
3880,CLDN18
3881,TUT1
3882,OVOL1
3883,PIDD1
3884,MTMR3
3885,HMBOX1
3886,GRM3
3887,CPEB2
3888,RPL13A
3889,TSNAX
3890,MEIS2
3891,SEPTIN14
3892,SEC16B
3893,GZMA
3894,KPNA6
3895,NOC2L
3896,AGBL4
3897,E2F7
3898,NME5
3899,NAV2
3900,KRT6A
3901,ADAMTS1
3902,SLC25A12
3903,PSENEN
3904,HOXD13
3905,NKX2-6
3906,UBR2
3907,NT5C
3908,KNSTRN
3909,DES
3910,KLF15
3911,MTMR4
3912,TAF12
3913,ERCC8
3914,CHRNA5
3915,MC1R
3916,TRIOBP
3917,LMX1A
3918,VSIR
3919,MAPKAPK3
3920,ALYREF
3921,CLN6
3922,SSB
3923,PRKAR1B
3924,GLUD1
3925,TUBGCP3
3926,SLA2
3927,SELENON
3928,WASF3
3929,TFIP11
3930,LAPTM4B
3931,SIAH1
3932,GUSB
3933,TNFRSF14
3934,SLC9A3
3935,PPP1R1B
3936,ADGRA2
3937,CCL15
3938,CDC14B
3939,FADS1
3940,EMX2
3941,KMO
3942,SEMA4C
3943,SCYL1
3944,DCXR
3945,DHX30
3946,ZNF703
3947,RECQL4
3948,U2AF2
3949,NHLRC1
3950,WAPL
3951,ACSL4
3952,BCL11A
3953,ATG3
3954,TBR1
3955,PTPRM
3956,ADPRS
3957,CNTN2
3958,MMGT1
3959,PYHIN1
3960,PSME3
3961,CLTCL1
3962,PPP2R5A
3963,TMEM100
3964,PPP1R13L
3965,KRT10
3966,LPAR3
3967,EXOSC7
3968,FUT9
3969,RNF167
3970,BCL2L2
3971,SPIRE2
3972,CPE
3973,FMO1
3974,FBXW8
3975,CEBPE
3976,GABRA4
3977,NUDT7
3978,PIBF1
3979,GDI2
3980,KRT16
3981,CDK12
3982,NLRC5
3983,FMN1
3984,MCM9
3985,CDC37
3986,CCBE1
3987,ATP6V1B2
3988,CCL22
3989,ADRA2C
3990,TPBG
3991,MTNR1B
3992,ST8SIA2
3993,TPCN1
3994,HOXB3
3995,KIF1B
3996,FGF19
3997,HLA-DQA2
3998,CD59
3999,DGCR8
4000,KCNIP3
4001,RFX3
4002,OLR1
4003,RPS4X
4004,HLA-DQA1
4005,GGA3
4006,RERE
4007,UBA1
4008,C2CD3
4009,TDP2
4010,PTPN3
4011,BCOR
4012,SLC28A1
4013,TTYH1
4014,ARPC3
4015,TRIM13
4016,PAFAH1B2
4017,CNOT6
4018,PDZD7
4019,POLDIP2
4020,CAB39
4021,GABRQ
4022,SLC16A10
4023,TRIM31
4024,OLFM4
4025,BNIP3L
4026,VPS37B
4027,ZFYVE27
4028,SPINK5
4029,MAPK8IP3
4030,HTRA1
4031,KSR1
4032,SETDB2
4033,PIP4K2A
4034,UBE2C
4035,SERP1
4036,HCFC2
4037,STXBP2
4038,PRL
4039,SRCAP
4040,ITK
4041,TRIP13
4042,PLPP6
4043,PIK3C2B
4044,GMNN
4045,IL15RA
4046,ATP12A
4047,TRIAP1
4048,CCNH
4049,SGK3
4050,BTG1
4051,DCSTAMP
4052,SEPTIN9
4053,TLK2
4054,NECTIN3
4055,TXK
4056,CDK3
4057,TFE3
4058,CP
4059,CNTN4
4060,KATNA1
4061,COLEC12
4062,ZFHX3
4063,AMIGO1
4064,NPM2
4065,GNL3
4066,RPGR
4067,MAS1
4068,DDX4
4069,FOXE1
4070,CSDE1
4071,HLA-DRB5
4072,TMSB4X
4073,EIF4G2
4074,INSL3
4075,GABARAPL1
4076,LPCAT2
4077,IL12RB1
4078,CDC25B
4079,CREB3
4080,LAMP3
4081,MASTL
4082,MAP3K10
4083,AAK1
4084,HELT
4085,SLC19A1
4086,DCUN1D3
4087,PHPT1
4088,ILDR1
4089,PDZK1
4090,SBDS
4091,SSTR2
4092,STRN
4093,TRIM15
4094,IP6K3
4095,POU4F3
4096,CNTFR
4097,ITGB5
4098,MYO3B
4099,GLE1
4100,LAMTOR3
4101,GABRD
4102,GLRA3
4103,KLRC1
4104,PTGES2
4105,LLGL2
4106,PRCP
4107,SPNS2
4108,AAAS
4109,KRT19
4110,PTGES
4111,CYP27C1
4112,ALCAM
4113,FXYD1
4114,GDF6
4115,FBXO2
4116,KCNH1
4117,RNF6
4118,NANOS3
4119,DOCK1
4120,FGF12
4121,RNF5
4122,PTPN13
4123,RNF139
4124,RARRES2
4125,RAB33B
4126,MYO9A
4127,ACKR2
4128,NAA15
4129,DSG2
4130,PKP1
4131,EFEMP2
4132,CBX4
4133,ODAM
4134,CD109
4135,FCGR3A
4136,DVL3
4137,GPR88
4138,PHLDB2
4139,ANXA5
4140,NT5C2
4141,IQCB1
4142,CDH10
4143,IL4I1
4144,HMCN1
4145,CDH26
4146,GLRX3
4147,HERVK_113
4148,NVL
4149,FGD2
4150,CGA
4151,XPA
4152,AGXT
4153,FCRL3
4154,LTK
4155,MAP1LC3B
4156,RPS24
4157,LIG1
4158,ZBP1
4159,TUBGCP2
4160,PDE4A
4161,TET2
4162,CLPX
4163,ERP29
4164,CDHR2
4165,HMGCR
4166,LAMA3
4167,RBCK1
4168,EPB41L2
4169,MYLK2
4170,VAMP4
4171,ZDHHC15
4172,AMN
4173,ATP2B3
4174,AEBP1
4175,RRN3
4176,ECPAS
4177,SRGN
4178,RBL2
4179,TNNT2
4180,FHIT
4181,CMA1
4182,TNKS1BP1
4183,NKX3-2
4184,TACSTD2
4185,TRAF3IP1
4186,CHRNA9
4187,TBC1D5
4188,CCDC66
4189,NSFL1C
4190,CXCR3
4191,USP50
4192,VPS28
4193,APOO
4194,KHDC3L
4195,EYA3
4196,KEL
4197,ARID4B
4198,ACSS2
4199,NCAPH2
4200,EXOC3
4201,GAS2
4202,LIPE
4203,HINT1
4204,ELP3
4205,TUBGCP4
4206,CD247
4207,VRK2
4208,DOCK7
4209,KDM4C
4210,RAB6B
4211,PPM1D
4212,CDO1
4213,ELOVL5
4214,INSIG2
4215,ST3GAL4
4216,GCGR
4217,NDRG2
4218,TACC1
4219,RPLP0
4220,EXD2
4221,WDR11
4222,TAB2
4223,MNDA
4224,FOXM1
4225,DCAF13
4226,YOD1
4227,RIOK2
4228,TRIM23
4229,ARPC5
4230,PDCD5
4231,CACNA1H
4232,DNAAF11
4233,RAB22A
4234,PARD6B
4235,CAMKK2
4236,AKTIP
4237,STAG1
4238,RPL27
4239,ANXA8
4240,HLA-DQB2
4241,NHEJ1
4242,LIMS2
4243,SUPT6H
4244,RHCG
4245,PIP4K2B
4246,PACRG
4247,NINJ1
4248,CLIP1
4249,RNF185
4250,NFX1
4251,ZDHHC17
4252,ERFE
4253,FOSB
4254,ARID4A
4255,SAP18
4256,RNF128
4257,FABP4
4258,GABRG1
4259,SPINK1
4260,TUB
4261,ING3
4262,EPHA8
4263,ITPK1
4264,INO80B
4265,ZBTB20
4266,TBXAS1
4267,RAD54B
4268,SH3RF1
4269,TBXT
4270,PDE9A
4271,SLC16A7
4272,SETD4
4273,GABRA3
4274,CDHR3
4275,NCOA6
4276,MARCHF2
4277,HSPH1
4278,HOXA7
4279,HIRA
4280,TOX
4281,CHRNB3
4282,SMYD3
4283,KIRREL3
4284,SLC18A3
4285,SLC30A2
4286,ATP6V1F
4287,HUS1
4288,DAZAP2
4289,RPS17
4290,A1CF
4291,MMP24
4292,SLC13A3
4293,SRSF10
4294,SERPINA1
4295,TWNK
4296,GPC4
4297,MCM4
4298,YTHDC2
4299,SESN1
4300,TKT
4301,SCN4B
4302,CD1C
4303,NISCH
4304,UBA5
4305,TUBG2
4306,GEM
4307,NR1I2
4308,MICB
4309,DHX15
4310,PEF1
4311,LTBP3
4312,CCKBR
4313,DOCK4
4314,ADAMTS5
4315,WASH2P
4316,SVEP1
4317,GSC
4318,CYP3A7
4319,TXNRD2
4320,PLEKHF1
4321,WDR47
4322,EVL
4323,AIPL1
4324,ALDH2
4325,CTDNEP1
4326,MKNK2
4327,EYA2
4328,REL
4329,SMN1
4330,HDAC8
4331,PLA2R1
4332,FZD8
4333,PKDCC
4334,ACAA1
4335,HTATIP2
4336,HPX
4337,NEK1
4338,ADCY5
4339,DOCK5
4340,ARL8A
4341,TEX11
4342,MAP3K11
4343,UBE2L3
4344,ALOXE3
4345,RPS15A
4346,PEX6
4347,THOC1
4348,POU5F1
4349,WEE2
4350,CUL1
4351,NUP133
4352,FERMT3
4353,HTR4
4354,TMEM119
4355,LRIG2
4356,AQP4
4357,MCHR1
4358,NUDT4
4359,DOCK8
4360,KLF7
4361,ZDHHC3
4362,AVIL
4363,CHRNA6
4364,GZMB
4365,SLK
4366,LIG3
4367,STBD1
4368,NCAPG2
4369,KLF10
4370,PTPA
4371,APOM
4372,FSHR
4373,GPR37L1
4374,AP3S1
4375,ZFX
4376,ACTR5
4377,PPIH
4378,CCNG1
4379,SNX17
4380,PRKAR2A
4381,C3AR1
4382,CCL16
4383,TMEM108
4384,MMP16
4385,SCG2
4386,SLC13A5
4387,HOXC10
4388,FCER2
4389,GRIK5
4390,SEMA6A
4391,CA4
4392,ZBTB49
4393,MRAP2
4394,IL2RA
4395,PEX12
4396,CLDN7
4397,TBX6
4398,CYP4A22
4399,NUAK1
4400,MLC1
4401,RAB2A
4402,SET
4403,HOXB4
4404,UBC
4405,S1PR2
4406,MDH2
4407,REC8
4408,PPP1R8
4409,IFT25
4410,CDC25C
4411,LSM6
4412,ABCC11
4413,NHERF4
4414,RAPGEF1
4415,GBA3
4416,VPS51
4417,P2RX6
4418,UCN3
4419,PPP1R16B
4420,STEAP4
4421,TNS2
4422,PLPP1
4423,PTPRF
4424,M6PR
4425,TAOK3
4426,RAB2B
4427,TFR2
4428,POLR3A
4429,CYP2J2
4430,THG1L
4431,ASB2
4432,GRSF1
4433,MMP8
4434,SRY
4435,HELZ2
4436,ST3GAL1
4437,MIXL1
4438,KCNK4
4439,ATF1
4440,MYF6
4441,RTCB
4442,ATP11C
4443,KIF22
4444,APRT
4445,CCT7
4446,DPF3
4447,LIN7A
4448,PANK2
4449,MGST2
4450,CAPRIN2
4451,BARX2
4452,CXCL1
4453,AKR1B10
4454,MICALL2
4455,PADI4
4456,CAPN10
4457,TRAPPC4
4458,GLIS2
4459,NAE1
4460,SV2A
4461,NTNG2
4462,ARHGDIA
4463,STXBP5
4464,TRMT10C
4465,SP7
4466,FABP3
4467,ABCD4
4468,ARL1
4469,IFT88
4470,TRIP6
4471,UPF3A
4472,SEMG1
4473,TPM4
4474,CYP2S1
4475,RBM8A
4476,ACACA
4477,SYT9
4478,ADH7
4479,IGHA1
4480,FGD5
4481,MC3R
4482,ACAN
4483,RPS27
4484,PARD3B
4485,WIPI2
4486,NMUR2
4487,RPL22
4488,ADK
4489,ZBED1
4490,PA2G4
4491,STEAP2
4492,SUV39H2
4493,P2RY4
4494,JUND
4495,TNFSF18
4496,TUT4
4497,OBSL1
4498,RAB25
4499,HACD3
4500,CRYAA
4501,MORC2
4502,TMOD1
4503,SLC9A6
4504,RABEP1
4505,SETD3
4506,PIM2
4507,KNTC1
4508,RHAG
4509,CILK1
4510,NLRP5
4511,PARP14
4512,EML4
4513,UBE2T
4514,SRPX2
4515,FFAR3
4516,TRIM62
4517,TAX1BP1
4518,ADSS2
4519,JADE2
4520,IGF2BP3
4521,SLC39A9
4522,PPEF2
4523,CDK8
4524,PRELID1
4525,CIBAR1
4526,H1-5
4527,NES
4528,TEX14
4529,GNAZ
4530,VDAC3
4531,MGARP
4532,CENPC
4533,LYPLA1
4534,SLF2
4535,DEFA3
4536,RRP7A
4537,BRINP1
4538,SLAMF8
4539,NME8
4540,RXRG
4541,CCNE2
4542,TRIM34
4543,CPB2
4544,PI4KB
4545,SOX3
4546,ANKRD17
4547,EIF3B
4548,DYRK1B
4549,XCL2
4550,ERN2
4551,CHRM5
4552,CRYM
4553,MOV10
4554,ATG4D
4555,SLC25A27
4556,CAVIN1
4557,NSDHL
4558,ASAP1
4559,GNMT
4560,CHID1
4561,RAB3D
4562,CDK14
4563,CYP2C18
4564,CCL18
4565,SULT2B1
4566,CYSLTR1
4567,ATXN7
4568,RPS16
4569,METTL14
4570,PGK1
4571,PLD2
4572,RPL6
4573,EFEMP1
4574,PGM5
4575,NOLC1
4576,CLEC4G
4577,SLC30A3
4578,KDM5A
4579,KNL1
4580,CCT6A
4581,UPF3B
4582,CDC42BPA
4583,UBD
4584,VIPAS39
4585,CSTB
4586,MFF
4587,PSRC1
4588,RFTN1
4589,MSH3
4590,SPDYA
4591,ABCG4
4592,OSBPL5
4593,VPS13B
4594,GGA1
4595,ZRANB1
4596,PLCB3
4597,ARL13B
4598,RTN4RL1
4599,ARIH1
4600,EXOC1
4601,SYNPO
4602,IL34
4603,RFC3
4604,GLA
4605,MARCHF1
4606,CYP7B1
4607,ATOH7
4608,OSBPL2
4609,DHRS3
4610,AP2S1
4611,CCSAP
4612,SOX30
4613,HBG2
4614,TUBB1
4615,TENM4
4616,RPS11
4617,DEFA4
4618,BCL7B
4619,CEACAM6
4620,APOBEC3C
4621,LIN28B
4622,SAA1
4623,MELK
4624,CDH9
4625,SLC17A5
4626,ATP4B
4627,HSPB6
4628,PRKACG
4629,ALDH3A2
4630,IL16
4631,HOPX
4632,COG3
4633,SNCG
4634,BRPF1
4635,MPST
4636,GBP3
4637,PRIMPOL
4638,SEPTIN1
4639,DCC
4640,NME7
4641,SLC26A3
4642,PCGF2
4643,BHLHE40
4644,ZYX
4645,RPS23
4646,BTC
4647,PHLPP1
4648,SLC25A42
4649,RGS7
4650,NGDN
4651,NPTN
4652,CCNK
4653,SMYD2
4654,TRIM11
4655,PGLYRP2
4656,SIPA1L3
4657,CLEC3B
4658,BANK1
4659,VASH1
4660,SHISA6
4661,FXR2
4662,LRRK1
4663,CEP250
4664,PEX19
4665,FH
4666,SUN2
4667,PCBP1
4668,CCND3
4669,STK16
4670,DEK
4671,CBFB
4672,SLC47A1
4673,AGR2
4674,HERPUD1
4675,MMP13
4676,SART1
4677,PBK
4678,COL4A1
4679,C1QA
4680,KLF11
4681,WDFY3
4682,TAF11
4683,RYR3
4684,EDAR
4685,SSTR1
4686,ACOT4
4687,B4GALT5
4688,DSTYK
4689,IL18R1
4690,SMAD9
4691,GFER
4692,WRNIP1
4693,NTMT1
4694,NPHS1
4695,PGAM1
4696,NUFIP1
4697,KCNE5
4698,CAND1
4699,DNAH9
4700,SLC2A13
4701,CDC34
4702,PLXNA2
4703,LMNB1
4704,PSMD2
4705,PRDM5
4706,SYT12
4707,HAAO
4708,SEC22B
4709,CUL5
4710,TRAPPC12
4711,ATXN1L
4712,WWC1
4713,SERPINH1
4714,TRIP10
4715,GRB10
4716,AGK
4717,GTF2H2
4718,STK25
4719,PALB2
4720,CIRBP
4721,SPPL3
4722,FEZF1
4723,ARHGEF18
4724,LILRA5
4725,CIDEC
4726,IL11
4727,RAB26
4728,SMARCAD1
4729,CELSR2
4730,KIF13B
4731,COL5A2
4732,DCTN2
4733,PLB1
4734,FUT1
4735,MX1
4736,HK3
4737,POU2F3
4738,EGLN3
4739,BYSL
4740,CCL14
4741,GSDME
4742,PTPRZ1
4743,CDC7
4744,CAP1
4745,RPS6KA6
4746,HCRTR2
4747,YTHDF1
4748,TMED9
4749,DNAJC6
4750,SPDEF
4751,SEC31A
4752,DMRTA2
4753,ST3GAL2
4754,DCLRE1B
4755,OTULIN
4756,SLC44A4
4757,EBI3
4758,PPBP
4759,SIDT2
4760,SLPI
4761,WEE1
4762,HADHB
4763,CDK5RAP1
4764,RPS12
4765,HSD17B6
4766,NPY1R
4767,EIF5A
4768,OLFM1
4769,ATP6V1G1
4770,NEIL1
4771,PFDN5
4772,RFC4
4773,SPON2
4774,SF3B3
4775,SLC26A4
4776,PDE5A
4777,PAICS
4778,CASP6
4779,DDB2
4780,ZNF675
4781,PARP11
4782,CLEC4D
4783,FPGS
4784,ATG9B
4785,ADD3
4786,MED27
4787,FLRT1
4788,DNAJC10
4789,CDC25A
4790,POLE3
4791,SOAT2
4792,CCL3L1
4793,IGFBP7
4794,PIWIL4
4795,NDFIP2
4796,TAF4
4797,CENPS
4798,IFI6
4799,RREB1
4800,AP1M1
4801,SNX27
4802,ELN
4803,CBR1
4804,PGLYRP3
4805,H2BC1
4806,ZBTB33
4807,FHL1
4808,PITPNB
4809,CHRDL1
4810,SERPING1
4811,KDF1
4812,CDCA5
4813,MX2
4814,CHP2
4815,RNF111
4816,SEPTIN5
4817,ENTPD6
4818,APOL1
4819,PHF2
4820,C5
4821,SKP2
4822,FNBP1L
4823,RNF19A
4824,TCERG1
4825,FCMR
4826,DYNC2LI1
4827,RPL30
4828,LSM2
4829,LMAN2
4830,H1-1
4831,GAS2L2
4832,CLCN5
4833,GNL3L
4834,MYO7B
4835,WDTC1
4836,GSTO1
4837,RASIP1
4838,PPP2R5B
4839,ZNF304
4840,CCDC40
4841,MTRR
4842,GNB5
4843,KRT14
4844,YTHDC1
4845,DNAI1
4846,WDR45B
4847,ADAMTS7
4848,UBE2V1
4849,MYADM
4850,SLC28A3
4851,WHAMM
4852,EDEM1
4853,TIMM50
4854,TRAF7
4855,BDKRB1
4856,COL16A1
4857,FANCA
4858,CDH4
4859,CYP26A1
4860,ZIC2
4861,TNIP1
4862,N6AMT1
4863,ATXN2
4864,FHOD1
4865,ARRDC3
4866,OTUD4
4867,DDX42
4868,GLMN
4869,USP28
4870,CCR3
4871,NDUFS1
4872,TNFSF12
4873,COPB1
4874,BIN3
4875,MUS81
4876,POLR2E
4877,CANT1
4878,MICALL1
4879,NHLH2
4880,TWIST2
4881,IL2RB
4882,YME1L1
4883,MTMR6
4884,FGF5
4885,EIF2A
4886,SEMA4A
4887,NFRKB
4888,RCHY1
4889,C4A
4890,G6PC1
4891,KIFC3
4892,COPA
4893,DLST
4894,PPP1R10
4895,DHX37
4896,FEM1B
4897,GUCY1A1
4898,BCAN
4899,ANAPC2
4900,PRPS1
4901,SYT8
4902,CSF2RB
4903,SYCP2
4904,KATNAL1
4905,GRIN3B
4906,SNRNP200
4907,UBQLN2
4908,PLA2G4B
4909,GPR183
4910,SPTB
4911,VKORC1
4912,RHOH
4913,EXOC7
4914,OR51E2
4915,PSMD1
4916,SGTA
4917,CYP2R1
4918,MCOLN2
4919,CD1E
4920,AP1S1
4921,UGDH
4922,DPF1
4923,SLC2A2
4924,SETD1A
4925,DGUOK
4926,KYNU
4927,MCM3AP
4928,GPC2
4929,NMNAT1
4930,RPL24
4931,MYO15A
4932,RAB6C
4933,JAM2
4934,NRAS
4935,DAGLB
4936,SCO2
4937,SNX4
4938,GABRR3
4939,ACER2
4940,LIN7C
4941,TEC
4942,SDR16C5
4943,ETS2
4944,SMPD4
4945,KLRD1
4946,DNER
4947,FPR1
4948,RASGRP4
4949,EFTUD2
4950,USP4
4951,NUS1
4952,SLC6A13
4953,NUP35
4954,KIF9
4955,CXCL6
4956,GCNT2
4957,PSTPIP1
4958,L3MBTL1
4959,KIF4B
4960,NAAA
4961,MGRN1
4962,FKBP10
4963,TPH1
4964,CLCN4
4965,IFITM3
4966,NAGK
4967,DHRS7B
4968,NHP2
4969,HERC2
4970,CADM4
4971,STMN3
4972,AP2A2
4973,TDRD9
4974,GCC2
4975,KCNAB1
4976,IFNA7
4977,SLU7
4978,CYP46A1
4979,PEG10
4980,KDELR1
4981,UBE2K
4982,DNAAF2
4983,DSCAML1
4984,MBTD1
4985,YWHAQ
4986,GJC2
4987,ITGB3BP
4988,HBD
4989,BOP1
4990,HVCN1
4991,KRT5
4992,MUTYH
4993,HRH3
4994,LONP2
4995,SLC24A1
4996,NUP85
4997,ADTRP
4998,AP4M1
4999,INPP4A
5000,DERL2
5001,S1PR3
5002,PPP2R3C
5003,NR2C1
5004,COL4A2
5005,LHX5
5006,ABHD17A
5007,DGAT1
5008,MB
5009,SSTR4
5010,TAF3
5011,NPC1L1
5012,MYH11
5013,FOXK1
5014,FOXA3
5015,B9D1
5016,RPL10
5017,ATP6V0B
5018,RPS27L
5019,MAST1
5020,STAB1
5021,RAD51AP1
5022,TRAIP
5023,DSN1
5024,GCNT1
5025,RNF10
5026,PRPF6
5027,RAB43
5028,TTF2
5029,SDHB
5030,SPG7
5031,PACSIN3
5032,FGFRL1
5033,ELF3
5034,COL11A2
5035,EXTL3
5036,SLC10A1
5037,UBE2D1
5038,RGS12
5039,TRNT1
5040,MUC1
5041,RNF13
5042,GRHPR
5043,C5AR2
5044,CREBL2
5045,PPM1B
5046,SLCO1B1
5047,PDE12
5048,DYNC1I1
5049,TMC8
5050,SPPL2B
5051,METTL16
5052,RPS2
5053,PIK3R3
5054,ZDHHC21
5055,DOCK10
5056,OLA1
5057,COPG1
5058,MYO5B
5059,FOXK2
5060,GRM6
5061,KMT5C
5062,ZNF268
5063,NQO2
5064,PRPF31
5065,ENTR1
5066,WBP2
5067,SH3BP4
5068,UGT1A7
5069,TMEM59
5070,SERPINA3
5071,IL9
5072,SOX1
5073,SEPTIN11
5074,RSPH4A
5075,TRERF1
5076,DCT
5077,CELF3
5078,FGF6
5079,ABCB7
5080,E2F5
5081,RFWD3
5082,AP1S2
5083,GUCY2C
5084,MTREX
5085,IL18RAP
5086,EXTL2
5087,GALNT2
5088,CNTRL
5089,CCNA1
5090,GTF2A2
5091,SLC25A33
5092,CXCR1
5093,CHRNG
5094,COQ3
5095,ORMDL3
5096,GSTM3
5097,CPLX1
5098,ZWINT
5099,RAE1
5100,BRMS1
5101,BCLAF1
5102,SLCO2B1
5103,PDLIM2
5104,EIF3D
5105,TAC1
5106,IFT56
5107,PAX5
5108,PLD3
5109,ATP8B2
5110,APH1B
5111,GCM1
5112,RECQL
5113,RHBDD1
5114,BBS5
5115,RPL7
5116,MED17
5117,DFFA
5118,KCNK3
5119,SLIT1
5120,ADAMTS3
5121,TIPIN
5122,FANCC
5123,CALY
5124,TBC1D24
5125,AKNA
5126,KASH5
5127,MARK3
5128,TRPC4
5129,RAB3IP
5130,H4C1
5131,FGD4
5132,GK2
5133,LYST
5134,SBNO2
5135,PLCB2
5136,SLC26A2
5137,SULT1E1
5138,CMPK2
5139,PLAAT4
5140,RHNO1
5141,COPS8
5142,CENPX
5143,GARS1
5144,CSH1
5145,ALKBH3
5146,TAF4B
5147,DDAH1
5148,SLITRK5
5149,IFNAR2
5150,PIK3R5
5151,PPP3CC
5152,LANCL2
5153,NME3
5154,SYT6
5155,MAGOHB
5156,RGMA
5157,SMARCA1
5158,PRKG2
5159,RBM10
5160,SETDB1
5161,IFNE
5162,L3MBTL3
5163,CHD2
5164,DPM1
5165,TACR3
5166,CLUAP1
5167,IGHA2
5168,ODF2
5169,ZZZ3
5170,ALAS1
5171,CHCHD10
5172,ID1
5173,HCN2
5174,PIEZO1
5175,POLR2L
5176,PSMC4
5177,ITGA11
5178,CALCOCO2
5179,AKR7A2
5180,BHLHE41
5181,OPN1SW
5182,LRWD1
5183,CLCF1
5184,EXOSC6
5185,TMEM165
5186,SLC3A1
5187,ZNRF2
5188,SLC39A6
5189,CCDC47
5190,ANP32B
5191,BCAR3
5192,DOT1L
5193,IFNW1
5194,MIP
5195,CABP1
5196,SULT1A3
5197,BNIP1
5198,MBNL1
5199,EXOC5
5200,H6PD
5201,SLC35D3
5202,TMPRSS6
5203,CLRN1
5204,MAGOH
5205,HTR3B
5206,RAPGEF4
5207,CHSY1
5208,MYH8
5209,TRPC3
5210,DNAJC19
5211,AQP10
5212,SLFN11
5213,OTX2
5214,UGCG
5215,TRIM16
5216,GALNT1
5217,CLIC5
5218,PROC
5219,LACC1
5220,ARHGAP33
5221,DDX23
5222,TMEM250
5223,KMT2C
5224,SEC61A1
5225,MAP3K14
5226,HEXIM1
5227,CLSTN2
5228,LBX1
5229,SLC44A1
5230,PTGFR
5231,FBXO11
5232,NCAPD2
5233,CYB5R4
5234,LGR6
5235,CCR4
5236,BLTP1
5237,FHL2
5238,PHOX2A
5239,PPFIA1
5240,PTP4A3
5241,GABRR2
5242,AK3
5243,MED6
5244,HLA-DRB4
5245,JDP2
5246,GPAT4
5247,HASPIN
5248,LRRC7
5249,UBA6
5250,MPV17
5251,SLC8B1
5252,IFNA4
5253,LPGAT1
5254,POLR2K
5255,CRBN
5256,RNF19B
5257,FRMD7
5258,SNCB
5259,IL5
5260,ANLN
5261,MBTPS2
5262,TMEM106B
5263,CHD1
5264,IKZF1
5265,WDR62
5266,TNP1
5267,BRD8
5268,OTP
5269,CASP8AP2
5270,SLC22A8
5271,OFD1
5272,NFE2
5273,RNASE7
5274,MYLIP
5275,CACNB3
5276,PXK
5277,MAF
5278,PKD1L3
5279,CACNA1A
5280,SGF29
5281,CLTB
5282,ACOT7
5283,UBXN2B
5284,COL6A2
5285,KDM7A
5286,DUSP26
5287,ARHGAP5
5288,CHTF18
5289,RSPO2
5290,LPO
5291,CLNS1A
5292,PHF1
5293,HTR3D
5294,METTL4
5295,ORM1
5296,IL27
5297,PLA2G2D
5298,RBPMS
5299,LDHB
5300,ATP10A
5301,SRCIN1
5302,ANTXR1
5303,TFAP2C
5304,CLEC4E
5305,TRPM7
5306,APOBEC3D
5307,KMT5B
5308,ADORA3
5309,SEMA4F
5310,PLEKHA8
5311,CACNG8
5312,KIF25
5313,TUBB2A
5314,EIF3F
5315,C1QC
5316,BMX
5317,GTF2A1
5318,HSD3B2
5319,NDC1
5320,IL36RN
5321,ANAPC7
5322,MGLL
5323,CEBPD
5324,CTLA4
5325,MBTPS1
5326,CUL2
5327,FCHO2
5328,ADSL
5329,TMED1
5330,FAF2
5331,LSM4
5332,TLE6
5333,NEUROD4
5334,EPHB4
5335,LEMD2
5336,CORO2B
5337,ETV6
5338,CCNO
5339,PDIA6
5340,NEU3
5341,DGKG
5342,HHIP
5343,ARHGAP32
5344,AP3M1
5345,ROPN1B
5346,PTPN12
5347,IL20RB
5348,MYOF
5349,HIPK3
5350,POLR3G
5351,CDC42EP2
5352,FCHSD2
5353,THAP11
5354,IFNA21
5355,PLPP2
5356,MICAL2
5357,PASK
5358,TSHZ3
5359,INO80C
5360,DHFR2
5361,TRAK2
5362,HERC5
5363,ATF7IP
5364,EPCAM
5365,SLIRP
5366,ABHD5
5367,MAP3K3
5368,RIN3
5369,TRIM65
5370,MAZ
5371,IFITM1
5372,BRD2
5373,COX15
5374,SDF4
5375,ASTN2
5376,SLC2A5
5377,BCL7A
5378,TOMM40
5379,FUT3
5380,GSPT1
5381,AGBL5
5382,PLA2G2F
5383,CXCL11
5384,SPINT1
5385,NEU4
5386,SPATA2
5387,GABRP
5388,PITPNA
5389,RPH3AL
5390,PATJ
5391,FBP2
5392,CLEC5A
5393,MMUT
5394,ENTPD5
5395,POLR1B
5396,NCF2
5397,SLC35D2
5398,ECSIT
5399,KLRC2
5400,HOMER3
5401,SULT1A1
5402,NUP107
5403,GNB2
5404,KCNA3
5405,PLCZ1
5406,ZBTB46
5407,CDHR5
5408,MKRN2
5409,INA
5410,SRSF1
5411,AMER1
5412,MANF
5413,ATP6V0D2
5414,DNAJB11
5415,THPO
5416,MAPK6
5417,BGN
5418,YEATS4
5419,EIF2B4
5420,RHOJ
5421,CDH6
5422,ROS1
5423,ADRA1B
5424,ACTL9
5425,SOSTDC1
5426,NETO1
5427,ABRAXAS2
5428,PRG2
5429,POTEE
5430,ZMYND10
5431,DARS1
5432,LTBP1
5433,CBLL1
5434,TXNRD1
5435,FGD1
5436,STK38L
5437,MYPN
5438,NME6
5439,ANKFY1
5440,MYOZ1
5441,HBG1
5442,PRPF40A
5443,DDX56
5444,VPS39
5445,SLC36A2
5446,LMOD2
5447,SSBP3
5448,TTPA
5449,SOCS6
5450,PHF6
5451,HTN1
5452,SDCBP2
5453,ODAD4
5454,SERBP1
5455,IFI35
5456,SLC24A2
5457,ZNF423
5458,GAD1
5459,PRG3
5460,SUPT5H
5461,DGKE
5462,GBP7
5463,MFSD8
5464,LFNG
5465,POTEKP
5466,SLC4A4
5467,SENP1
5468,COPG2
5469,DDX41
5470,BIN2
5471,TRIM63
5472,SLC26A11
5473,S100P
5474,ADGRG6
5475,RAB4A
5476,PABPC4
5477,CNBP
5478,SLC13A2
5479,LPAR2
5480,BOD1
5481,BRF1
5482,RILPL1
5483,PLXNA1
5484,SAP30L
5485,CYP27A1
5486,PAM
5487,SLC24A5
5488,COL7A1
5489,HSP90AA4P
5490,TOP3A
5491,CREM
5492,MSRA
5493,LMO7
5494,NME4
5495,CEP63
5496,CBFA2T3
5497,IMMP2L
5498,PTPRU
5499,IFNA8
5500,NEK8
5501,XPO5
5502,IFT81
5503,GET3
5504,ENPP7
5505,CREB3L4
5506,UBE2A
5507,PLA2G7
5508,NEK4
5509,ZNF827
5510,IFNA6
5511,BLNK
5512,SH3PXD2A
5513,WDR45
5514,QSOX1
5515,CDC42EP4
5516,PDE1B
5517,EPB42
5518,CRCP
5519,MEOX2
5520,SLC25A31
5521,ARHGAP6
5522,TINF2
5523,ETV2
5524,SLC30A9
5525,GPM6B
5526,MCM6
5527,ZNF335
5528,UPP1
5529,NUDT5
5530,NDUFS3
5531,NUTF2
5532,B3GAT3
5533,LPCAT4
5534,STK40
5535,CREB3L3
5536,TELO2
5537,STAB2
5538,LIN7B
5539,TRAF1
5540,CRAT
5541,MYRIP
5542,POLH
5543,PEX1
5544,PES1
5545,MTHFS
5546,OTUB1
5547,C2CD5
5548,PYGO2
5549,PRDM8
5550,FOLR2
5551,FGF17
5552,ELOVL3
5553,CD1B
5554,SULT2A1
5555,DYNC2I1
5556,USP20
5557,STRADB
5558,KMT5A
5559,CCL17
5560,DYSF
5561,CPNE6
5562,APBA2
5563,ZMYND11
5564,CASP10
5565,PCSK2
5566,GALNT3
5567,SPATA7
5568,CD248
5569,AIP
5570,HPS6
5571,CDH15
5572,PRSS2
5573,PLA2G4F
5574,TLX3
5575,SOX5
5576,ITSN2
5577,ABCB10
5578,INSRR
5579,TMED7
5580,MRAP
5581,BEX4
5582,KIF1C
5583,ERP44
5584,SLC25A23
5585,PSMD11
5586,DNAJC13
5587,HOXB2
5588,SZT2
5589,CECR2
5590,COL6A3
5591,SLC23A2
5592,PFDN2
5593,SCN9A
5594,KCND3
5595,CRLF1
5596,DR1
5597,MED7
5598,GRIA3
5599,IFNA5
5600,ACTG2
5601,BCCIP
5602,RAB39A
5603,ATAD1
5604,MTMR9
5605,SPRTN
5606,BABAM1
5607,TESK2
5608,FKBP6
5609,ASH2L
5610,FANCG
5611,SHB
5612,PHF5A
5613,CREBZF
5614,F5
5615,UBASH3B
5616,EMILIN2
5617,TAX1BP3
5618,GFRAL
5619,LTBP4
5620,ARHGAP24
5621,RAB5C
5622,MTR
5623,BMPER
5624,UIMC1
5625,IFNA17
5626,CYP11B2
5627,GEMIN4
5628,FUT4
5629,TAPT1
5630,HSD17B8
5631,SDHD
5632,AK1
5633,HCN3
5634,PSMD3
5635,CACYBP
5636,RPS25
5637,RND1
5638,MPHOSPH8
5639,ELF4
5640,ARL2BP
5641,SRRT
5642,IFNA16
5643,CLK3
5644,SLITRK1
5645,CYP11B1
5646,AADAT
5647,COL17A1
5648,ENTPD7
5649,CEL
5650,CNOT8
5651,CHM
5652,INTS13
5653,MAP6
5654,SLC22A13
5655,NHERF2
5656,SYNDIG1
5657,IPO7
5658,SOX13
5659,FRK
5660,CPT2
5661,TCF4
5662,SLC44A2
5663,MT2A
5664,ATG2B
5665,BACH1
5666,NOP58
5667,ARHGEF11
5668,NR1I3
5669,TIMP3
5670,ARHGAP21
5671,RTN4RL2
5672,PIP4P1
5673,FSTL3
5674,NDUFA9
5675,KIFC1
5676,CIAPIN1
5677,ELL
5678,SLC22A12
5679,FKTN
5680,HLA-DOA
5681,TMED3
5682,DDX54
5683,TBC1D10C
5684,ACOX1
5685,PDE8B
5686,TCTN1
5687,NANOS2
5688,COLEC10
5689,HADHA
5690,GEMIN2
5691,EGLN2
5692,RFK
5693,SYT3
5694,CHD1L
5695,DIS3
5696,KLK8
5697,TIMP2
5698,DOC2A
5699,ARNT2
5700,CCNY
5701,RTRAF
5702,LSM7
5703,GSTM1
5704,UBXN6
5705,RARS1
5706,TMOD3
5707,INO80E
5708,GTF2H5
5709,DEGS1
5710,ENTPD4
5711,IFNA1
5712,SSBP1
5713,FLII
5714,SLC26A8
5715,GFI1
5716,PEX16
5717,NANOG
5718,EIF3H
5719,RING1
5720,MAPRE3
5721,VPS37A
5722,CENPA
5723,RBL1
5724,CEACAM5
5725,SLC17A9
5726,CYCS
5727,SALL4
5728,HNRNPL
5729,TPGS1
5730,RAB3C
5731,NLRX1
5732,ARCN1
5733,WWP1
5734,MLKL
5735,SPOCK2
5736,TSPYL2
5737,LGR5
5738,PON3
5739,NOTO
5740,ELOB
5741,PARL
5742,ABT1
5743,STEAP3
5744,ZNF580
5745,OASL
5746,CEP85
5747,GPD1
5748,VNN1
5749,NUP214
5750,ELOVL1
5751,GRID1
5752,STX10
5753,OSBPL7
5754,ZC4H2
5755,NPEPPS
5756,IARS1
5757,TAF8
5758,BAG1
5759,ALDOC
5760,CEP43
5761,COPE
5762,PITX1
5763,ATP5F1D
5764,MT-CO1
5765,MGAT4A
5766,NDOR1
5767,EPS8L2
5768,RAB11FIP2
5769,ACSM3
5770,TOMM20
5771,DDO
5772,CDC14C
5773,EVPL
5774,RPS26
5775,NEU1
5776,NEXN
5777,TCF7
5778,F2RL2
5779,MT-RNR1
5780,ORC3
5781,DLX6
5782,CETN3
5783,PPIG
5784,SLC22A7
5785,MIOS
5786,NOP14
5787,PRLH
5788,DYNLL2
5789,FUT6
5790,LRSAM1
5791,KAT6B
5792,BCAT2
5793,NDUFS7
5794,RPUSD4
5795,GPSM1
5796,TAF2
5797,ASPSCR1
5798,SGMS2
5799,FMO5
5800,ALPK1
5801,PEX13
5802,NSD3
5803,PBX2
5804,SNRPC
5805,PDK3
5806,PIK3C2G
5807,TNFRSF10A
5808,SMARCAL1
5809,PSMA2
5810,NR3C2
5811,KIRREL1
5812,NELFE
5813,MAGED1
5814,FBXL19
5815,SLC16A3
5816,MSH4
5817,THAP1
5818,ELOVL6
5819,TMEM9
5820,PRKAB1
5821,USP30
5822,INO80D
5823,BCKDK
5824,EPN1
5825,BTN2A2
5826,ARHGDIB
5827,BRAP
5828,PMF1
5829,AGRP
5830,AP3S2
5831,GSR
5832,CD5L
5833,SLBP
5834,XRCC4
5835,ZDHHC20
5836,RNF220
5837,RIOK1
5838,PHACTR4
5839,ALAS2
5840,DSC2
5841,AGPAT5
5842,TRIM39
5843,ACSL5
5844,CHAF1B
5845,MARS1
5846,CLP1
5847,SLC43A2
5848,AP1S3
5849,NKX6-2
5850,GPC6
5851,CHCHD4
5852,KHK
5853,PVR
5854,RAD9A
5855,REG3G
5856,SGK2
5857,TUBB6
5858,TRAPPC2B
5859,HOXB13
5860,RPL13
5861,RIOX2
5862,SF3A2
5863,FLI1
5864,RXFP1
5865,RTN3
5866,NDNF
5867,FGFBP1
5868,CYP4F11
5869,HKDC1
5870,DCD
5871,ZKSCAN3
5872,DEFB4A
5873,TKFC
5874,ADCY2
5875,ELK3
5876,TOB1
5877,CFL2
5878,RNF135
5879,DDHD2
5880,ZBTB4
5881,TRA2B
5882,TTLL1
5883,IGHG1
5884,FBN2
5885,KCNIP4
5886,SUDS3
5887,IFIT5
5888,DHRS9
5889,BAMBI
5890,HPGDS
5891,ADGRL1
5892,MAFF
5893,TLE1
5894,HEATR1
5895,CD200R1
5896,RPL23A
5897,NFIL3
5898,HM13
5899,POLL
5900,PLD4
5901,NKD1
5902,EZH1
5903,CTSV
5904,TSC22D1
5905,PORCN
5906,ACER3
5907,CALHM1
5908,USP26
5909,FITM2
5910,ACTBL2
5911,ALKBH8
5912,SLC6A20
5913,TRAPPC2
5914,HOXC9
5915,SSX2IP
5916,SH3GL3
5917,NKAP
5918,SNRPB2
5919,SOX14
5920,ANAPC11
5921,UBE2O
5922,MTF2
5923,RASGRF1
5924,MAP1LC3C
5925,AK2
5926,IFNA10
5927,GLRX5
5928,MGAM
5929,CLEC6A
5930,RPL28
5931,SLC12A4
5932,ESYT2
5933,MCU
5934,COPS3
5935,IFNA14
5936,GATAD2A
5937,GRWD1
5938,AUP1
5939,FANCL
5940,STRN3
5941,LGI1
5942,KANK2
5943,HTR3C
5944,RNF126
5945,THOC5
5946,LRRC8C
5947,PNLIPRP2
5948,GLO1
5949,PFKFB2
5950,STRAP
5951,RBM22
5952,EXOC2
5953,HOXB1
5954,G3BP2
5955,SEZ6
5956,MED30
5957,TAF1L
5958,SERPINB6
5959,POR
5960,CRTC1
5961,VPS25
5962,MTF1
5963,BCO2
5964,POGLUT1
5965,PSMA1
5966,NCAN
5967,GFI1B
5968,DCLRE1C
5969,HIF3A
5970,FGF3
5971,CPLX3
5972,ARHGEF15
5973,TSSK4
5974,ANGPTL4
5975,ITPA
5976,MYDGF
5977,IGHG3
5978,SFRP5
5979,ATP13A4
5980,RNPS1
5981,TRIM14
5982,VANGL2
5983,DCTN3
5984,NUP155
5985,CLIC2
5986,PATZ1
5987,CCDC88B
5988,PGLYRP4
5989,LUM
5990,BCL9L
5991,SPX
5992,MVB12B
5993,SYT17
5994,TP53BP2
5995,SCAMP1
5996,TRIM46
5997,CD320
5998,WDR43
5999,SLC22A11
6000,DCP1A
6001,HBZ
6002,RFC5
6003,POMGNT1
6004,OS9
6005,ACIN1
6006,ATF6B
6007,MTERF4
6008,TTLL7
6009,NTHL1
6010,MELTF
6011,RBFOX1
6012,ZNHIT1
6013,LMOD3
6014,ENAH
6015,RPL7A
6016,TONSL
6017,DRG1
6018,ABRAXAS1
6019,PIP4K2C
6020,ABCC10
6021,HSPE1
6022,SGCD
6023,PIAS3
6024,CTCFL
6025,FAU
6026,MAN2B1
6027,HACE1
6028,PSMC1
6029,NXF1
6030,GLG1
6031,DHRS2
6032,MAGI1
6033,MBIP
6034,STAT4
6035,POLG2
6036,CEP192
6037,ZNF622
6038,PABPN1
6039,HOXC11
6040,REXO4
6041,DTNA
6042,OGA
6043,ACER1
6044,EMG1
6045,PRRT2
6046,PKNOX1
6047,FBLL1
6048,PSG9
6049,TUBA1B
6050,FZD10
6051,DISP3
6052,ALDH18A1
6053,ICOSLG
6054,BMAL2
6055,EDEM2
6056,STS
6057,PSMD13
6058,LBH
6059,SAP30
6060,NUDT10
6061,ABHD12
6062,BFAR
6063,QARS1
6064,MAN1B1
6065,PLD6
6066,H2BC10
6067,LHX4
6068,ADA2
6069,ROMO1
6070,RIC3
6071,RNF40
6072,FGF16
6073,KCNC3
6074,SRP68
6075,SSH2
6076,YEATS2
6077,SLC34A2
6078,CYTH2
6079,MARCHF8
6080,SLC12A7
6081,RRAGB
6082,POTEF
6083,ZRANB3
6084,GOLPH3L
6085,DUSP16
6086,MEAK7
6087,MKNK1
6088,ARHGAP1
6089,MMP15
6090,ERCC6L2
6091,DYNC2I2
6092,ATG4A
6093,DOC2B
6094,KSR2
6095,TUBGCP6
6096,GFUS
6097,CSNK2A3
6098,HTR7
6099,TRIM26
6100,OOEP
6101,MED21
6102,DAZL
6103,CYBRD1
6104,TRIM3
6105,SLC9A5
6106,NMNAT2
6107,SLC6A11
6108,IGFBP4
6109,IFNAR1
6110,UROS
6111,TFCP2L1
6112,SNRPGP15
6113,VPS72
6114,DSCC1
6115,MOS
6116,SUB1
6117,LYPLA2
6118,TRIM40
6119,DEFB118
6120,EEF1A2
6121,SNX18
6122,EPN3
6123,CCL4L1
6124,CHD6
6125,CAMSAP2
6126,CYTH1
6127,NPTX1
6128,MRPL44
6129,TRIM56
6130,MUC2
6131,KCNMB4
6132,HBS1L
6133,ERC2
6134,PSPC1
6135,GOSR2
6136,HPS1
6137,ESRRA
6138,B4GALT2
6139,H3C1
6140,SIN3B
6141,COL8A1
6142,TIAM2
6143,TESPA1
6144,COQ7
6145,CNNM4
6146,MMP7
6147,PNPLA4
6148,HRNR
6149,PI4KA
6150,DPYS
6151,PSMB7
6152,ZP4
6153,HOXB9
6154,CA9
6155,OSBPL1A
6156,MEF2B
6157,NCBP3
6158,SRSF6
6159,LAG3
6160,TNNC1
6161,NEIL3
6162,PRPH2
6163,CRTC3
6164,DAO
6165,CENPW
6166,CHFR
6167,MTHFD1L
6168,CASP14
6169,EIF3L
6170,RPL10A
6171,CDK10
6172,SELL
6173,WTIP
6174,F8
6175,CPQ
6176,NAMPT
6177,ANXA7
6178,SAE1
6179,NCAPH
6180,GRIK1
6181,SIPA1L1
6182,NASP
6183,PFAS
6184,SOAT1
6185,HRC
6186,IGHG4
6187,UBTF
6188,SOD3
6189,USP18
6190,CSF3R
6191,SIX5
6192,NT5C1A
6193,RAB9B
6194,EXOC6
6195,DNMBP
6196,CDC23
6197,RUBCN
6198,PSMD12
6199,SLN
6200,MFSD12
6201,KCTD13
6202,ATRAID
6203,LDB3
6204,SGMS1
6205,CAMLG
6206,ATP13A3
6207,LIFR
6208,COL14A1
6209,POLR3B
6210,AP1M2
6211,BRPF3
6212,UFD1
6213,TRIB2
6214,PCDH8
6215,PITPNM3
6216,IGFBP6
6217,EML1
6218,NAF1
6219,CYTH3
6220,AP1AR
6221,SLC25A25
6222,TTLL12
6223,TBL1X
6224,RRS1
6225,PHYH
6226,ALDH1L2
6227,SRSF2
6228,MDGA1
6229,PBX4
6230,SPIN1
6231,GP2
6232,PIAS2
6233,SLC39A12
6234,NAA10
6235,WASH6P
6236,METTL5
6237,MYL3
6238,TOR1B
6239,ENC1
6240,HADH
6241,GNA15
6242,TSPAN15
6243,AZGP1
6244,UBIAD1
6245,DDX60
6246,TMEM199
6247,NRXN3
6248,PLIN2
6249,ALKBH4
6250,HLA-DMB
6251,CC2D2A
6252,NELL1
6253,SH3GL1
6254,DHX8
6255,PDE8A
6256,BEX1
6257,GRIP2
6258,SNAP91
6259,ASIC3
6260,ZBED6
6261,CDC45
6262,DNTT
6263,UMODL1
6264,FBLN5
6265,SLC30A4
6266,BPIFA1
6267,LETM1
6268,TCF23
6269,UGT8
6270,RYBP
6271,CPTP
6272,ANGPT4
6273,DUS2
6274,NR2F6
6275,DUSP5
6276,TMX1
6277,PMEL
6278,E2F3
6279,REXO2
6280,GATAD2B
6281,MED8
6282,SLC9A8
6283,CYP11A1
6284,RHOF
6285,KDM2A
6286,CLCA2
6287,HMGCL
6288,DHX29
6289,RAD17
6290,CBLC
6291,SDCCAG8
6292,IL37
6293,IGLC3
6294,ENKD1
6295,ALG2
6296,GTPBP1
6297,SFXN1
6298,RNF169
6299,CC2D1A
6300,BEST1
6301,APEX2
6302,RD3
6303,LYZ
6304,PSMB4
6305,ERLIN2
6306,IRX5
6307,HOXB7
6308,SPPL2A
6309,SMYD1
6310,RNF7
6311,RBM47
6312,CFH
6313,MMP25
6314,GCN1
6315,RHOBTB3
6316,STON1
6317,CKAP4
6318,MDC1
6319,NEK3
6320,MCPH1
6321,PIK3R6
6322,CRTAM
6323,RND3
6324,DIS3L2
6325,UBE2W
6326,CIMAP3
6327,PLAG1
6328,PPP3R2
6329,SUCLG2
6330,SAMD1
6331,CALD1
6332,SLC16A2
6333,PYDC2
6334,MCC
6335,MPIG6B
6336,H2BC21
6337,CFAP45
6338,ASF1A
6339,IRF2
6340,ASIP
6341,MPP7
6342,FAM161A
6343,C2
6344,KLC3
6345,TMEM97
6346,ARAF
6347,ATP10B
6348,PEMT
6349,WIPF1
6350,HLA-DMA
6351,EDF1
6352,PGM2
6353,FUBP3
6354,SNRNP70
6355,RNASE3
6356,RPL35A
6357,STK38
6358,SLC43A1
6359,PTGDR
6360,SLC24A3
6361,NR2C2
6362,KATNAL2
6363,DCK
6364,ISY1
6365,TBX4
6366,EIF5
6367,SPAG8
6368,TRPV2
6369,MAML1
6370,C1QTNF3
6371,ATCAY
6372,P2RX5
6373,SLC2A8
6374,ATP6V1C1
6375,TK2
6376,ERMN
6377,NSMCE3
6378,MORF4L1
6379,ADAP2
6380,DYNC1LI2
6381,AK8
6382,LSM3
6383,NUDC
6384,PM20D1
6385,SLCO1B3
6386,EAF2
6387,ITLN1
6388,UPB1
6389,SLC5A5
6390,NACC2
6391,OTUD3
6392,TRPM6
6393,DDX46
6394,AASS
6395,SKIC8
6396,PHAX
6397,ATP8B3
6398,SCAMP5
6399,POLR2F
6400,CORO7
6401,ARMC5
6402,ETF1
6403,HMCN2
6404,FOXN4
6405,SERPINC1
6406,CHRNE
6407,NUSAP1
6408,SKA1
6409,LSR
6410,ZFYVE26
6411,NSG2
6412,COTL1
6413,CH25H
6414,RPS21
6415,DCPS
6416,CTSA
6417,DAAM2
6418,TTLL5
6419,SLC22A16
6420,UBR3
6421,NAA50
6422,LDHC
6423,C1QTNF12
6424,ZDHHC9
6425,MDFIC
6426,FAIM2
6427,SMCHD1
6428,EIF4A2
6429,CETN1
6430,PLA2G2E
6431,CYP26C1
6432,KRT9
6433,TRPM5
6434,NAA16
6435,RPL4
6436,MED31
6437,LSM5
6438,CPOX
6439,TCOF1
6440,HSD11B2
6441,KLHL3
6442,GLS
6443,ZBTB14
6444,PHLDA2
6445,HTR3E
6446,RUFY1
6447,USP51
6448,GRB7
6449,RFC2
6450,BACE2
6451,SERPINA12
6452,CCN6
6453,MYH4
6454,USP25
6455,UGP2
6456,LCN2
6457,UNG
6458,NOP56
6459,AK6
6460,MKI67
6461,SPEF2
6462,FUT2
6463,SEC23IP
6464,TIMM10
6465,NECAB2
6466,H2BC12
6467,SPTLC1
6468,PLEKHG5
6469,DNAJB9
6470,BCL9
6471,ALDH7A1
6472,CNOT3
6473,NIT2
6474,CD300LF
6475,CENPT
6476,ILF2
6477,RGS8
6478,OTUD5
6479,UTP20
6480,SLCO1A2
6481,RNF125
6482,FTL
6483,GGH
6484,RPS18
6485,SYCE3
6486,ARRDC1
6487,TFDP2
6488,HLA-DOB
6489,RNASEK
6490,CD27
6491,HAPLN2
6492,VASH2
6493,NOX3
6494,RPS20
6495,N4BP1
6496,SNTB2
6497,AJAP1
6498,CCDC115
6499,MAN1A1
6500,PDK1
6501,SEPTIN8
6502,RPAP2
6503,SLX1A
6504,IGKV3-20
6505,FXYD2
6506,KCNN2
6507,L3HYPDH
6508,SNAPC3
6509,IRF9
6510,SAPCD2
6511,IL10RA
6512,CLK2
6513,DDC
6514,ARFRP1
6515,RAB39B
6516,DEFA6
6517,UBL4A
6518,RFPL2
6519,DNAJC1
6520,BCKDHB
6521,CYP2A6
6522,DDX19B
6523,CEP55
6524,GGPS1
6525,ACMSD
6526,POLR2H
6527,UQCRC1
6528,CDYL
6529,TAT
6530,SYF2
6531,PJVK
6532,PNN
6533,MICU1
6534,FMNL1
6535,ADAM11
6536,NOL9
6537,CDC42EP1
6538,H1-10
6539,AQP7
6540,RANBP9
6541,LTB
6542,SLC9A4
6543,ZC3H4
6544,SEMA6D
6545,TGS1
6546,TMOD2
6547,RFPL4AL1
6548,GNAO1
6549,RBM15B
6550,FGD3
6551,CREB3L2
6552,GSTA1
6553,RAPGEF6
6554,PKP3
6555,FARP2
6556,BPGM
6557,RGS1
6558,KIF27
6559,KISS1
6560,SLC39A4
6561,PSMD9
6562,OXA1L
6563,C4BPA
6564,RETREG1
6565,CNOT6L
6566,USP1
6567,HSP90AB2P
6568,NUDT4B
6569,ESRRG
6570,HES6
6571,KPNA3
6572,UHRF2
6573,FMO2
6574,CRNN
6575,DAZAP1
6576,NMRK2
6577,SERPINB13
6578,PIGR
6579,BBS9
6580,EIF2B3
6581,TSN
6582,AIMP2
6583,TAF5
6584,EYA4
6585,HMG20B
6586,FASTKD2
6587,CHKA
6588,FBXL2
6589,ITGA7
6590,HTR6
6591,RCOR1
6592,NRDC
6593,PHF14
6594,NAP1L1
6595,RNF216
6596,MYLK3
6597,MISP
6598,MLF1
6599,GABBR2
6600,NBL1
6601,TNFRSF4
6602,CACNG5
6603,FOXJ2
6604,PAN3
6605,ASTL
6606,PDCD1LG2
6607,OIP5
6608,PRAG1
6609,MGMT
6610,FAN1
6611,DXO
6612,PROS1
6613,SORBS3
6614,SSC5D
6615,STARD4
6616,COLQ
6617,ADAM2
6618,RNF146
6619,LMBRD1
6620,TET3
6621,TSTD1
6622,ATP6V1E1
6623,NEK9
6624,UBR4
6625,CEP295
6626,DHX16
6627,ILRUN
6628,PTGDR2
6629,SRPX
6630,FFAR1
6631,LNPK
6632,TMBIM1
6633,PSMC3IP
6634,FBXO6
6635,HTR5A
6636,TREM1
6637,IGLC1
6638,POLG
6639,CNGA2
6640,PPIP5K2
6641,MMP17
6642,CPT1C
6643,HNRNPM
6644,PEX10
6645,CEP152
6646,MTUS1
6647,IGKC
6648,YIPF5
6649,PNOC
6650,THOC7
6651,SNX12
6652,LEO1
6653,GPR158
6654,IMPDH1
6655,PSMB2
6656,SEC61B
6657,ANOS1
6658,PTPRA
6659,DZIP1L
6660,CTNND2
6661,ME2
6662,BAIAP2L1
6663,HERC1
6664,TTC5
6665,RFPL4A
6666,MOCS3
6667,PAX9
6668,MOV10L1
6669,SMOC2
6670,BPI
6671,EFHC1
6672,ASCC2
6673,NCAPG
6674,PPP4C
6675,MAST2
6676,GALNT11
6677,CTPS1
6678,STXBP4
6679,PTGR1
6680,HMGB3
6681,NUP93
6682,TUBA1C
6683,RPL37A
6684,GRAMD1A
6685,CSH2
6686,UBE2Z
6687,EIF4A1
6688,WASH4P
6689,BNC1
6690,AUTS2
6691,SOX7
6692,GDF10
6693,RPL8
6694,RSL1D1
6695,USP45
6696,ITM2B
6697,KDM1B
6698,TBC1D32
6699,UBE2J2
6700,ABO
6701,PI4K2B
6702,CRADD
6703,ZNF219
6704,CDC27
6705,EIF3K
6706,CBX8
6707,ORC4
6708,C9
6709,SPAG17
6710,TLE5
6711,ORC1
6712,TRIM55
6713,DUOXA2
6714,EDEM3
6715,C1D
6716,MFGE8
6717,SPDL1
6718,MAPK4
6719,IGFBP1
6720,MBOAT7
6721,PSMG1
6722,COL15A1
6723,NTNG1
6724,LRRTM2
6725,AP3B2
6726,RNASE6
6727,CKB
6728,SERPINB1
6729,APLP2
6730,MAX
6731,MAP4K2
6732,KCNE4
6733,CHL1
6734,CACNA1B
6735,CD8A
6736,GJB3
6737,GRIK4
6738,KPNA7
6739,USP46
6740,COX10
6741,CEP57
6742,SCNN1D
6743,RDH5
6744,KRT17
6745,RBM4B
6746,CLCN2
6747,PRDM15
6748,H1-8
6749,PDS5B
6750,EPGN
6751,DFFB
6752,DDX47
6753,UBA2
6754,ROGDI
6755,PRDM11
6756,UBE2L6
6757,YTHDF3
6758,SLCO3A1
6759,HSP90AA2P
6760,APPBP2
6761,PLAAT2
6762,NT5C3A
6763,VPS36
6764,OSMR
6765,BATF3
6766,SUCLA2
6767,NRL
6768,NUP37
6769,NCAM1
6770,GAB2
6771,BDH2
6772,CD164
6773,POFUT1
6774,LBR
6775,PITPNM2
6776,SLITRK3
6777,LRRC32
6778,RAB11FIP4
6779,SPRED2
6780,DGKB
6781,TAF5L
6782,SCAPER
6783,NUDT11
6784,FTMT
6785,TRPC6
6786,RPL18
6787,WDR82
6788,CNTN6
6789,TBC1D7
6790,FANK1
6791,PSKH1
6792,FBXL17
6793,MYL6
6794,YARS1
6795,MCIDAS
6796,DNASE1
6797,PEX7
6798,TRPC1
6799,TP53INP2
6800,REEP2
6801,SYMPK
6802,UBE2Q1
6803,TMEM63A
6804,STK17B
6805,EPOR
6806,ADGRL3
6807,NUF2
6808,DGKA
6809,MEIS3
6810,UGT1A9
6811,RFPL3
6812,SLC2A9
6813,RPA3
6814,PGRMC2
6815,RFX6
6816,UQCRQ
6817,PRKD3
6818,RMI1
6819,LMNB2
6820,ELOVL4
6821,WIF1
6822,TEAD1
6823,F10
6824,PSMD7
6825,SDHA
6826,P3H2
6827,BRAT1
6828,NUP54
6829,IDH2
6830,ACSBG1
6831,MRPS27
6832,CDK11B
6833,HSD17B12
6834,TMT1A
6835,GRIP1
6836,CHIA
6837,FOLR3
6838,DIXDC1
6839,MYO18B
6840,CFAP20
6841,SFTPA1
6842,FAM111A
6843,NR2F1
6844,NDUFS4
6845,ZNF804A
6846,CENPH
6847,EN2
6848,NR6A1
6849,ERAP2
6850,MT1G
6851,RGS7BP
6852,B4GALNT1
6853,RNH1
6854,MMP11
6855,PCYT1A
6856,UGT1A3
6857,KIF24
6858,GRPEL1
6859,LTC4S
6860,SEC24A
6861,NKG7
6862,PROK2
6863,POTEI
6864,PLIN3
6865,OAT
6866,ZBTB38
6867,LTBP2
6868,MATR3
6869,BCL7C
6870,FREM2
6871,NEDD8
6872,HORMAD1
6873,SH3RF2
6874,EED
6875,ACOT11
6876,RILPL2
6877,WIZ
6878,AK5
6879,SLC4A3
6880,PPL
6881,CHAMP1
6882,NOP10
6883,RNGTT
6884,DDX3Y
6885,PDIA4
6886,COL27A1
6887,MYOT
6888,NAPG
6889,RANBP1
6890,TP53RK
6891,SGCB
6892,STAM
6893,CXCR6
6894,GNA14
6895,HRH4
6896,SGIP1
6897,HNRNPAB
6898,GPR15LG
6899,SETD7
6900,JAGN1
6901,ING1
6902,CEP89
6903,NUDT15
6904,PHLPP2
6905,MT-ND4
6906,NCS1
6907,UPF2
6908,MT-ND1
6909,NLN
6910,MMACHC
6911,LTBR
6912,GK
6913,CRACR2A
6914,RO60
6915,NLE1
6916,DNAH8
6917,REV3L
6918,VPS53
6919,ACOX2
6920,BCL2A1
6921,DUSP29
6922,EEF1D
6923,FGL2
6924,IFIT1
6925,SLC51B
6926,EIF2S2
6927,DERA
6928,RETN
6929,DGKH
6930,HDGFL2
6931,DCLK2
6932,TUBA4A
6933,ELOVL2
6934,CCDC22
6935,VAMP5
6936,TAB3
6937,FBXL5
6938,TRMT112
6939,GANAB
6940,ANAPC4
6941,CIR1
6942,SNRPN
6943,MTSS2
6944,RMI2
6945,ELMO1
6946,ZNF365
6947,HMX2
6948,NCAPD3
6949,ERCC6L
6950,ZHX2
6951,ACO2
6952,GOSR1
6953,H2BC12L
6954,MGST1
6955,PMP22
6956,USP27X
6957,CD19
6958,TRAPPC3
6959,COPS4
6960,DNAI2
6961,KIF7
6962,TUBB8
6963,STRADA
6964,RERG
6965,VASN
6966,LILRA4
6967,EME1
6968,TSEN2
6969,DNAH1
6970,ADGRF1
6971,WNK2
6972,POTEJ
6973,AP3M2
6974,KIN
6975,ADGRE5
6976,BMP2K
6977,KLK5
6978,RAB4B
6979,GET4
6980,LETMD1
6981,BAZ1A
6982,PSMB8
6983,PPP4R2
6984,STX18
6985,SCTR
6986,HES7
6987,RTF1
6988,MTHFD2L
6989,CFC1
6990,CXCR5
6991,ARL6IP1
6992,COQ6
6993,GAS1
6994,ISL2
6995,EIF2B1
6996,WASHC2A
6997,MCCC1
6998,FAM98A
6999,LGALS3BP
7000,NDUFV1
7001,POU3F1
7002,PIP
7003,ACSL6
7004,ARPP19
7005,SGCA
7006,RPL12
7007,ERG
7008,ADCY7
7009,TMEM33
7010,GNPDA1
7011,NANOS1
7012,DBI
7013,NGB
7014,H3-3A
7015,KATNBL1
7016,MADD
7017,PPM1E
7018,SPATA13
7019,NLRP2
7020,SECISBP2
7021,CD180
7022,SLC9A7
7023,FLG
7024,IL1R2
7025,HSP90AB3P
7026,CDKN2C
7027,GREM2
7028,AP4B1
7029,DMRTC2
7030,SPPL2C
7031,STK10
7032,LHX6
7033,TLK1
7034,LHX9
7035,GJD3
7036,DBF4B
7037,SHPK
7038,SULT1A2
7039,TACC3
7040,RGS6
7041,ZNF598
7042,DNAJC15
7043,VCPIP1
7044,WDR24
7045,GALK1
7046,CFAP58
7047,ABLIM3
7048,BMS1
7049,MMRN2
7050,UTP25
7051,KAT14
7052,ACKR4
7053,POGZ
7054,SHPRH
7055,DEFB114
7056,RBM5
7057,CKS2
7058,ARV1
7059,NFE2L1
7060,TNFSF13
7061,RND2
7062,GSTK1
7063,TMEM175
7064,GCM2
7065,NMD3
7066,SAR1A
7067,IL26
7068,PITPNC1
7069,ATP10D
7070,SHROOM3
7071,RPL14
7072,UBR1
7073,HTATSF1
7074,DAND5
7075,RPS10
7076,CDX4
7077,OR10J5
7078,EEF1E1
7079,GEN1
7080,LAMTOR4
7081,ALDH9A1
7082,NEMF
7083,PRMT7
7084,CLEC4A
7085,STARD13
7086,MED25
7087,SCUBE1
7088,NRROS
7089,ZNF451
7090,ARIH2
7091,PARD6G
7092,STAM2
7093,CCDC134
7094,ATP8B4
7095,IL36G
7096,FNIP2
7097,PSMA5
7098,JMJD1C
7099,TPI1
7100,ITM2C
7101,OGFOD1
7102,CORIN
7103,CHAC1
7104,ROM1
7105,RBP1
7106,PSMB5
7107,POLR2B
7108,AGXT2
7109,CREG1
7110,UQCC2
7111,NUCB2
7112,SPOUT1
7113,HAPLN4
7114,UBA7
7115,YPEL5
7116,HAS3
7117,RPL3
7118,MBD2
7119,SLC15A3
7120,HOGA1
7121,CHCHD3
7122,MRC1
7123,MEOX1
7124,DBT
7125,COL5A3
7126,STYX
7127,PHC1
7128,FASTK
7129,TRIM36
7130,PAIP1
7131,DEPDC5
7132,ZNF639
7133,SVIP
7134,TUBGCP5
7135,HILPDA
7136,ATP23
7137,MAGEA2
7138,IQSEC1
7139,AKR1D1
7140,INTS3
7141,LMOD1
7142,KCNMB1
7143,MLX
7144,OTOF
7145,UBA3
7146,XPR1
7147,DIO3
7148,TRHDE
7149,NABP2
7150,PRDM2
7151,NUP43
7152,CDX1
7153,ULBP2
7154,H2AZ1
7155,SLC9C1
7156,MGST3
7157,DAW1
7158,NRDE2
7159,DNAJA2
7160,NTN4
7161,IER3IP1
7162,MTPAP
7163,NDUFA12
7164,DNASE1L3
7165,CRIP1
7166,TRIM54
7167,ANKRD2
7168,PGAM2
7169,PPIP5K1
7170,HAUS8
7171,CDC42BPG
7172,PLXNC1
7173,MGAT1
7174,HSPA4
7175,B4GALT7
7176,UCKL1
7177,APIP
7178,ACSM2B
7179,FCER1A
7180,EIF5B
7181,MEIOB
7182,RCN3
7183,GP6
7184,SSRP1
7185,CDH7
7186,MARVELD3
7187,GUCA1B
7188,CTNNA3
7189,IRAG2
7190,ORC5
7191,GAL3ST3
7192,COL8A2
7193,RPL10L
7194,ACTL7A
7195,SUPT16H
7196,CD1A
7197,DCX
7198,EIF4EBP2
7199,KCNA4
7200,CXCL16
7201,ELP2
7202,HTR1D
7203,PSMB1
7204,SMG5
7205,CEP120
7206,ABCB8
7207,F9
7208,SF3B5
7209,WNT8B
7210,MPPE1
7211,RNLS
7212,METAP1
7213,CDK19
7214,LPA
7215,KLK3
7216,CDC16
7217,NPRL3
7218,UBE2D2
7219,PTP4A1
7220,TTLL6
7221,MED4
7222,CFAP410
7223,PDSS2
7224,SLC35D1
7225,PHLDA3
7226,SRPK3
7227,TFF1
7228,SUPT4H1
7229,GBE1
7230,MED23
7231,EML3
7232,ATL1
7233,MAP7
7234,ARHGAP4
7235,IGBP1
7236,MTARC1
7237,TDO2
7238,ENO2
7239,CYP2U1
7240,TMEM107
7241,NUP205
7242,STN1
7243,DUSP19
7244,MBOAT2
7245,MYOZ2
7246,MMS22L
7247,GPBAR1
7248,DUSP9
7249,PAPOLA
7250,DUSP4
7251,CBR4
7252,CYP17A1
7253,CRX
7254,DPYSL2
7255,TUT7
7256,ZNF683
7257,PCDH15
7258,SLC39A10
7259,TYRP1
7260,TDRD1
7261,CABP4
7262,MAGEL2
7263,PRDM12
7264,RXFP2
7265,ZNRF3
7266,GJA4
7267,GRPR
7268,PROCR
7269,ADGRE2
7270,AGFG1
7271,FOXL1
7272,FBF1
7273,GSX1
7274,DEF6
7275,ADAP1
7276,SEC23A
7277,AK4P3
7278,RNASEH2B
7279,EPB41L4B
7280,PPP2R5D
7281,NEDD1
7282,FAAP20
7283,EBP
7284,NFAM1
7285,STAC3
7286,IMPA1
7287,CHML
7288,PRPF4B
7289,SF3A3
7290,TRAT1
7291,SHLD2
7292,METTL18
7293,COL19A1
7294,CTDSP1
7295,CASS4
7296,ORM2
7297,TNNI3K
7298,NPHS2
7299,CYP8B1
7300,ETV1
7301,GC
7302,POU2F1
7303,SHISA7
7304,DEDD2
7305,LRRC8E
7306,FUCA2
7307,ZFYVE19
7308,STAG3
7309,HOXB8
7310,CCP110
7311,UPK3A
7312,MYO16
7313,CYB5B
7314,ZFYVE16
7315,MDFI
7316,SLCO1C1
7317,PDE6G
7318,IMPG2
7319,CHIT1
7320,PRPS2
7321,IFNLR1
7322,POLR1C
7323,JPH3
7324,MAFG
7325,CSNK1G1
7326,DNAH7
7327,FICD
7328,MCM10
7329,LHX8
7330,METTL23
7331,PHIP
7332,KIDINS220
7333,NUP42
7334,ACSM2A
7335,NGRN
7336,SEMA3B
7337,PTGIR
7338,EIF3G
7339,RGS10
7340,INCA1
7341,IGHG2
7342,KCNC4
7343,ATF7
7344,CHRM4
7345,POLR3F
7346,DUX4
7347,IKZF4
7348,MPG
7349,ZNF750
7350,WIPF3
7351,OLFM2
7352,ETV5
7353,TRAPPC9
7354,TIMM9
7355,ATP13A1
7356,WDR81
7357,SYTL2
7358,PGAP1
7359,USF2
7360,GAS2L1
7361,ZNF326
7362,MPP2
7363,ZDHHC1
7364,RIC1
7365,RRAS2
7366,OSBPL6
7367,MNS1
7368,ARHGAP18
7369,KLC2
7370,WNT8A
7371,IZUMO1
7372,ACAD11
7373,TENM3
7374,SPINT2
7375,ALDH3A1
7376,WNT9A
7377,PPP4R3B
7378,USP37
7379,CD70
7380,PSMB6
7381,DDX11L8
7382,DMRT2
7383,RNF113A
7384,ZFAND5
7385,CKS1B
7386,ANXA13
7387,RSF1
7388,TRIM44
7389,KLF6
7390,MED16
7391,MATN2
7392,PELP1
7393,TMED5
7394,FTSJ3
7395,PPIL2
7396,ANO9
7397,JPH4
7398,HBQ1
7399,RIPOR1
7400,ALDH3B1
7401,KRR1
7402,CSGALNACT2
7403,SHLD3
7404,DDX19A
7405,POLR1G
7406,SAXO1
7407,BLMH
7408,HAUS7
7409,UMPS
7410,PDE6B
7411,RAB3GAP2
7412,MCF2
7413,CYP2A13
7414,NEGR1
7415,ZP2
7416,CERKL
7417,AQR
7418,EIF3C
7419,CHAF1A
7420,RBM46
7421,GLYR1
7422,RNASE2
7423,SRRM1
7424,CYP24A1
7425,PLAC8
7426,DUSP2
7427,DOP1B
7428,ZBED4
7429,DKK3
7430,MAP4K1
7431,GHITM
7432,ADM2
7433,SF3B6
7434,SCGN
7435,IVNS1ABP
7436,MBOAT1
7437,ACP4
7438,B4GALT3
7439,MRNIP
7440,SLC5A2
7441,UBE2J1
7442,DACT2
7443,NOL6
7444,MAN1A2
7445,HP1BP3
7446,FOXI3
7447,S1PR4
7448,ELOC
7449,ZNF540
7450,SAFB2
7451,B4GALNT2
7452,PTCD2
7453,DRG2
7454,EWSR1
7455,MIB2
7456,KPTN
7457,TUFM
7458,GPR4
7459,RPA4
7460,UTP4
7461,SKA3
7462,DNAJA4
7463,CYP39A1
7464,SDHAF2
7465,CUX2
7466,CDH24
7467,LRGUK
7468,MYBL2
7469,LIMCH1
7470,XAB2
7471,STX11
7472,PDYN
7473,RDH16
7474,PCNT
7475,POLRMT
7476,SULT1B1
7477,VPS37C
7478,CIC
7479,PLEKHN1
7480,ARHGAP22
7481,COG5
7482,POLD3
7483,ADRM1
7484,GRK3
7485,TMEM106A
7486,TRPM8
7487,IK
7488,OSBPL10
7489,RBFOX2
7490,SPAG6
7491,BHMT
7492,POLR2G
7493,ZNF541
7494,IPPK
7495,STT3B
7496,TBCE
7497,PIM3
7498,EBF2
7499,SEPHS1
7500,DARS2
7501,ORC2
7502,DDX25
7503,CTNNBL1
7504,COG7
7505,RNF186
7506,POLR2M
7507,B4GALT6
7508,SEC63
7509,CDS1
7510,ADAMTS8
7511,PRAP1
7512,GTF2E1
7513,CD244
7514,ITGA9
7515,SCAF8
7516,GTF2H3
7517,KCNQ2
7518,DYNLT2B
7519,MYH2
7520,PGAM5
7521,NMBR
7522,C1QL1
7523,GSPT2
7524,SLC46A2
7525,UBE2V2
7526,HSCB
7527,ARAP3
7528,USP6
7529,MED10
7530,USP21
7531,PUS1
7532,DMP1
7533,CDK11A
7534,NFASC
7535,GCNT3
7536,CYP2F1
7537,SLC17A4
7538,FYB1
7539,RS1
7540,VAC14
7541,ARK2C
7542,F13A1
7543,ELAC2
7544,MRTFA
7545,THEM4
7546,MTMR7
7547,NEU2
7548,PTPMT1
7549,MSC
7550,PARG
7551,HNF4G
7552,ICE1
7553,NRARP
7554,TPO
7555,PDHB
7556,C1QB
7557,PTCH2
7558,PLRG1
7559,TUBD1
7560,UGGT1
7561,PPP1R9A
7562,RSPH1
7563,MARF1
7564,KDM5D
7565,TLN2
7566,MYZAP
7567,UTP15
7568,APEH
7569,CHST4
7570,POMT2
7571,FGD6
7572,PLEKHM1
7573,SMNDC1
7574,OPN5
7575,ADAM19
7576,PEX11B
7577,ATRN
7578,CATSPER4
7579,GH2
7580,SNRPA1
7581,FUCA1
7582,CD93
7583,SVBP
7584,ATXN7L3
7585,ATP5F1C
7586,NTS
7587,GSTO2
7588,CDH18
7589,UQCRC2
7590,TPRG1L
7591,FARSB
7592,H1-9P
7593,ZCCHC3
7594,PAGE4
7595,POU1F1
7596,LRRC15
7597,CRTAP
7598,CATSPER3
7599,PTPRN2
7600,KYAT1
7601,RHOT1
7602,CSNK1G2
7603,SEC23B
7604,CACNB1
7605,ACTR1B
7606,E2F2
7607,GRHL1
7608,C4BPB
7609,KLF9
7610,FSCN3
7611,ARPC4
7612,LYZL6
7613,GBP4
7614,OCA2
7615,APBA3
7616,PAN2
7617,COA6
7618,NET1
7619,S100A14
7620,PSMA3
7621,FSTL1
7622,NOSIP
7623,ALX1
7624,CNIH2
7625,USE1
7626,TUBB8B
7627,NARS1
7628,SNCAIP
7629,SIK3
7630,CSRP1
7631,FOLH1
7632,SPRY4
7633,NDUFS8
7634,TRIP12
7635,DMRT3
7636,GTF3C4
7637,TMCO1
7638,B3GNT2
7639,H1-4
7640,RAB41
7641,HIPK4
7642,SUCNR1
7643,DCDC1
7644,UBE2D4
7645,NABP1
7646,CNGA4
7647,SRSF7
7648,SCYL2
7649,FAM20A
7650,CLINT1
7651,ABR
7652,PYM1
7653,HELQ
7654,SCYL3
7655,ZHX3
7656,HSP90AB4P
7657,SCARF1
7658,TBC1D14
7659,PSME2
7660,BLOC1S5
7661,POLR3H
7662,SLC15A1
7663,PAPSS2
7664,SGPP1
7665,ITPKC
7666,CD83
7667,PPP1R12B
7668,B3GAT1
7669,EIF1
7670,FGF22
7671,ANXA9
7672,PSMB9
7673,RPS6KB2
7674,CCR10
7675,TNFAIP8L3
7676,KYAT3
7677,PTPRR
7678,MMRN1
7679,RAB40B
7680,MYL11
7681,ADAMTS20
7682,IBSP
7683,HTN3
7684,SLC25A2
7685,MOSPD2
7686,TBX19
7687,IMP3
7688,SLC38A7
7689,PDZD11
7690,DCUN1D1
7691,SMPDL3B
7692,TUBA8
7693,TCF7L1
7694,RHOT2
7695,SLC6A19
7696,ZCCHC7
7697,CIAO2B
7698,OVGP1
7699,ATMIN
7700,DLGAP5
7701,ENSA
7702,KPNA4
7703,PCDH17
7704,TXNL4A
7705,KLKB1
7706,RAD1
7707,MREG
7708,OGN
7709,CRYBA1
7710,ELAPOR1
7711,ASCC1
7712,SNTB1
7713,RNF183
7714,MNX1
7715,SYN2
7716,SPA17
7717,BRD9
7718,RMDN3
7719,CEP164
7720,AKAP17A
7721,SEPTIN3
7722,PHF13
7723,PIP5K1B
7724,BFSP2
7725,KIFC2
7726,PRR5L
7727,TM9SF4
7728,SLC6A15
7729,OR2A4
7730,ZNFX1
7731,MED18
7732,KCNB2
7733,RASGRP2
7734,RRM2
7735,POLR3C
7736,SYNJ2BP
7737,BRDT
7738,IVL
7739,BORCS5
7740,ZAR1
7741,RNF180
7742,GFRA3
7743,RLBP1
7744,NPAT
7745,TNNT3
7746,PCLAF
7747,TMEM67
7748,GPR68
7749,PRPS1L1
7750,SBF2
7751,SIGLEC1
7752,ESYT1
7753,MACIR
7754,GNE
7755,FUT5
7756,GJB4
7757,SI
7758,EPS8L1
7759,ARL4A
7760,PLAGL1
7761,LRRC8D
7762,SEC24D
7763,DYRK4
7764,HSPA13
7765,DRAXIN
7766,SMOX
7767,STYXL1
7768,PNKD
7769,RUBCNL
7770,ACSBG2
7771,NECAB3
7772,ZNF281
7773,LOXL1
7774,MED20
7775,CSHL1
7776,NCF4
7777,COP1
7778,NUAK2
7779,PLEKHA7
7780,CCKAR
7781,MBD5
7782,TADA2B
7783,CHERP
7784,SELENOT
7785,P4HA1
7786,BLK
7787,RPL34
7788,TTLL8
7789,IDH3A
7790,C1QTNF1
7791,TGM1
7792,PHOSPHO1
7793,FSCN2
7794,TGFBRAP1
7795,TBC1D10A
7796,ADH1A
7797,ANKRD23
7798,RNF152
7799,MAU2
7800,MGAT3
7801,RAB15
7802,TNFSF8
7803,RAET1G
7804,TSPAN32
7805,ESYT3
7806,CYP2A7
7807,HIVEP1
7808,FANCI
7809,MDN1
7810,DUSP7
7811,CLEC16A
7812,UTP11
7813,HRH2
7814,PURB
7815,SLC35B4
7816,GYG1
7817,H1-2
7818,CDK2AP1
7819,GABPA
7820,MED13
7821,AKIRIN1
7822,RPL27A
7823,GNPDA2
7824,GAB1
7825,POM121C
7826,TMEM231
7827,RTN1
7828,ATP13A5
7829,IFNGR2
7830,BAIAP2L2
7831,TEP1
7832,JTB
7833,ASGR1
7834,TAF13
7835,SLC6A7
7836,SOS2
7837,PRDM4
7838,P3H4
7839,DCUN1D5
7840,ERI1
7841,EVX1
7842,ARTN
7843,PCCA
7844,HMCES
7845,ASL
7846,KIF15
7847,ZNF746
7848,MTHFD2
7849,TLR10
7850,MORF4L2
7851,GGT5
7852,ALPK2
7853,PRR5
7854,CPSF3
7855,ETV4
7856,CABYR
7857,ABCA8
7858,HIC1
7859,RNF187
7860,SLC7A10
7861,THOC6
7862,RNASET2
7863,RDH11
7864,PAFAH1B3
7865,NMT2
7866,VPS37D
7867,SNTG2
7868,NUBP2
7869,IGHE
7870,LALBA
7871,CNKSR2
7872,SLC35A2
7873,NEK10
7874,PLCL2
7875,SUCLG1
7876,KLHL17
7877,GNRH1
7878,MARVELD2
7879,S100A16
7880,RPL9
7881,KLF1
7882,CCR9
7883,YY1AP1
7884,GUCA1A
7885,MYL12B
7886,SDS
7887,CCRL2
7888,TMC6
7889,GSS
7890,GJB1
7891,TMEM135
7892,TLE2
7893,PDS5A
7894,SETD6
7895,HNF1A
7896,ANAPC5
7897,SYNGR1
7898,AGMAT
7899,PCGF5
7900,GTF2H4
7901,SLURP1
7902,AKAP3
7903,ENTPD2
7904,WAC
7905,HBM
7906,AFAP1L2
7907,SLC12A1
7908,BMF
7909,PAX3
7910,SGO1
7911,PRSS37
7912,BTAF1
7913,NKIRAS2
7914,DDT
7915,ACSS1
7916,SPON1
7917,EIF1AX
7918,CHST2
7919,ARPC1B
7920,MGAT5
7921,ACAA2
7922,CSRNP1
7923,CALCOCO1
7924,BNIP2
7925,CFP
7926,MYL9
7927,PPP1R15B
7928,HAPLN1
7929,GMFG
7930,OTX1
7931,D2HGDH
7932,CHAT
7933,AMOTL1
7934,RBM3
7935,FDPS
7936,ZG16
7937,CNTN5
7938,ZNF212
7939,HOXB5
7940,DRGX
7941,SCD
7942,UBE2E1
7943,ZNF148
7944,RSPH9
7945,AKAP11
7946,LZTS1
7947,DDX39A
7948,ELOVL7
7949,CBR3
7950,GOLGB1
7951,ATG4C
7952,IL3
7953,MVK
7954,CSTA
7955,SRPRA
7956,IDH3G
7957,CASP5
7958,SEMA5B
7959,ZNRF1
7960,PDCD2
7961,STAR
7962,CRMP1
7963,SLC20A2
7964,RNF149
7965,DUSP11
7966,GIT2
7967,DNPH1
7968,RNF43
7969,RPL19
7970,SLCO4C1
7971,PDHA2
7972,CEP350
7973,PHF19
7974,LAS1L
7975,SYNPO2
7976,INSC
7977,EGFLAM
7978,CLDN11
7979,ADI1
7980,ABHD4
7981,TRABD2A
7982,RASD2
7983,LHB
7984,GDAP1
7985,GUK1
7986,KIF19
7987,RTKN
7988,RTN2
7989,GSTM4
7990,THBS3
7991,SLC7A9
7992,TBCK
7993,F2RL3
7994,SARNP
7995,POLR2I
7996,AOX1
7997,PYGB
7998,SLC6A5
7999,SPIDR
8000,PISD
8001,TBCB
8002,TBPL1
8003,GDA
8004,DNAH2
8005,TUBA3E
8006,TRIM33
8007,SAFB
8008,EIF4E2
8009,LHFPL4
8010,COIL
8011,UNCX
8012,DNAJC9
8013,DSPP
8014,USP5
8015,MFAP4
8016,CDKL1
8017,GALR3
8018,HAT1
8019,ZFAND2B
8020,RAD52
8021,MNT
8022,CAPZA2
8023,PRPF3
8024,AKR1B15
8025,XCR1
8026,AGPAT2
8027,RNF122
8028,UGT1A10
8029,TJP3
8030,KIF21A
8031,KDELR2
8032,DPM3
8033,PIP5KL1
8034,ACTR6
8035,HACL1
8036,ILVBL
8037,SNX30
8038,MOAP1
8039,SP6
8040,IMMT
8041,VPS26A
8042,PHC2
8043,USP29
8044,TBC1D23
8045,VPS29
8046,RDH12
8047,CRIPTO3
8048,MEPCE
8049,TPP2
8050,DIABLO
8051,RAB40C
8052,RCAN1
8053,CRLF2
8054,CTF1
8055,MOB2
8056,TAF9B
8057,KDM6A
8058,CDH12
8059,PAPPA2
8060,EGFL7
8061,KRT4
8062,SS18L1
8063,IFITM2
8064,ZPBP2
8065,DKKL1
8066,CWC22
8067,PUS7
8068,USP12
8069,SLC1A7
8070,TGIF2
8071,ULBP1
8072,SASS6
8073,CAPZA1
8074,VBP1
8075,ATP5PO
8076,TRIM17
8077,HOXC13
8078,TDRD12
8079,IL20
8080,RBM20
8081,FLG2
8082,FMNL3
8083,HMX3
8084,TUSC2
8085,KLC1
8086,ZNHIT6
8087,EFNA2
8088,EPPIN
8089,RLIM
8090,FAH
8091,CYB5R1
8092,TRAPPC1
8093,SRP14
8094,ASGR2
8095,PHKG2
8096,ESRP2
8097,PARVB
8098,FIGN
8099,MYO1F
8100,COL9A1
8101,GPAT2
8102,C10orf90
8103,QDPR
8104,CDKN3
8105,PPP2R5C
8106,ATG10
8107,ME3
8108,TK1
8109,SSTR5
8110,GPR161
8111,SYNM
8112,DLL3
8113,SPARCL1
8114,NUBPL
8115,SLC39A5
8116,ALDH5A1
8117,MKLN1
8118,ADIPOR2
8119,ZFP42
8120,APOBEC2
8121,RABEP2
8122,LAMC2
8123,PPFIA3
8124,MAP3K2
8125,UNC5B
8126,RNF207
8127,RBMS3
8128,STEEP1
8129,PIR
8130,SDHC
8131,ZBTB18
8132,PAPPA
8133,IRF2BPL
8134,EIF4H
8135,ALKAL2
8136,VSX1
8137,CRHR2
8138,ZDHHC8
8139,TTLL3
8140,RPLP1
8141,DPAGT1
8142,MYCBPAP
8143,NDUFC2
8144,ARRDC4
8145,HCRTR1
8146,SYT15
8147,TMEM102
8148,RPL31
8149,SEMA6B
8150,ZC3H13
8151,UBAP2L
8152,NNMT
8153,DECR1
8154,RBMS1
8155,SENP6
8156,HBP1
8157,ARSA
8158,FSD1
8159,ANKLE1
8160,SNRNP40
8161,TRAPPC2L
8162,PSIP1
8163,SLC5A11
8164,SPAG4
8165,DDOST
8166,CADPS
8167,IL12RB2
8168,TOP3B
8169,NKX2-8
8170,SLC39A13
8171,TRAPPC11
8172,CAP2
8173,NAT8B
8174,MT1A
8175,TEX264
8176,TRIM69
8177,ERGIC2
8178,CHRD
8179,PDCD1
8180,WRAP73
8181,IDH3B
8182,UQCC3
8183,FCHO1
8184,STK17A
8185,BBS12
8186,GALR1
8187,SIK2
8188,ARHGAP17
8189,LORICRIN
8190,CATSPER1
8191,ACOT12
8192,DCST1
8193,BICRA
8194,TNFRSF10B
8195,PSME1
8196,IFNGR1
8197,RABL3
8198,RPGRIP1
8199,COX17
8200,DCP1B
8201,GPRC5A
8202,TALDO1
8203,IGLC6
8204,PLCD4
8205,TDRD7
8206,CSE1L
8207,LMBR1L
8208,SELENOP
8209,BECN2
8210,SF3A1
8211,IMPA2
8212,EIF5A2
8213,SPACA3
8214,RBMX2
8215,CNN3
8216,MPP1
8217,GNS
8218,FAM98B
8219,TOMM7
8220,SERINC3
8221,AMDHD2
8222,FEV
8223,BACH2
8224,PTTG1
8225,SEC24C
8226,MMP20
8227,MED26
8228,RPL37
8229,AKT1S1
8230,AOC2
8231,POLR3K
8232,PGK2
8233,LRRFIP1
8234,COG4
8235,EPC2
8236,HMOX2
8237,ETFDH
8238,BUB3
8239,RBBP5
8240,STAMBPL1
8241,MTNR1A
8242,TFPI
8243,TRPV6
8244,ASF1B
8245,LRRC4
8246,FNDC3A
8247,GTF3C5
8248,TRH
8249,ALDH4A1
8250,BEND3
8251,PARP6
8252,F11
8253,NPSR1
8254,KIAA0319
8255,MYO1H
8256,MT-CO2
8257,WTAP
8258,PRPF4
8259,PRKRIP1
8260,CPM
8261,ECSCR
8262,CDH19
8263,HSD17B2
8264,TPM2
8265,KMT2B
8266,METAP2
8267,SNAP47
8268,VTA1
8269,WBP2NL
8270,NUDT8
8271,HENMT1
8272,SPMIP6
8273,CDC42EP3
8274,ZNF516
8275,PSMB10
8276,GLTP
8277,TBC1D21
8278,DMBX1
8279,SLC5A10
8280,RAB30
8281,NGLY1
8282,ZDHHC11
8283,TCHP
8284,MCOLN3
8285,ADAM21
8286,ABLIM1
8287,GALNT4
8288,SYT13
8289,CEMIP2
8290,ANAPC16
8291,RGS11
8292,LMLN
8293,ELK4
8294,KCNJ5
8295,TTLL4
8296,NLRP7
8297,RABL2B
8298,IL17D
8299,JMJD7
8300,LYPD1
8301,EIF2D
8302,EML2
8303,PRKAB2
8304,CYC1
8305,ST6GALNAC3
8306,GLYAT
8307,PSPH
8308,CNIH3
8309,CISD2
8310,MYCN
8311,DHX34
8312,CACNG1
8313,NPFF
8314,SORCS2
8315,ITIH4
8316,PPP6C
8317,FAHD1
8318,MLPH
8319,VWA1
8320,NUP58
8321,TSSK2
8322,CLSPN
8323,SERINC1
8324,FBXO22
8325,SENP5
8326,BNC2
8327,FARSA
8328,SNX7
8329,ZGRF1
8330,REV1
8331,GCNT4
8332,GSDMA
8333,NCOA5
8334,HDGFL3
8335,CXCL5
8336,FLYWCH1
8337,EID2
8338,WDR12
8339,MAT1A
8340,TDP1
8341,SLC25A14
8342,TUBA3C
8343,TMEM98
8344,FDX1
8345,PIWIL3
8346,ABHD17C
8347,SESTD1
8348,TOB2
8349,PLEKHA3
8350,CDKL2
8351,ACAD9
8352,DHODH
8353,EPN2
8354,SLCO4A1
8355,NPBWR1
8356,SYCP3
8357,PADI6
8358,DNMT3B
8359,FNBP1
8360,RPLP2
8361,AARS2
8362,PRICKLE4
8363,CBX2
8364,IGLC7
8365,TPTE2
8366,GUCY1A2
8367,QRICH1
8368,WDFY1
8369,FKBP5
8370,LCP2
8371,NOSTRIN
8372,SPTY2D1
8373,TNFRSF18
8374,POMK
8375,UBAP1
8376,CERS2
8377,RASGRF2
8378,GRAP
8379,PEPD
8380,SLC43A3
8381,DTNB
8382,NRTN
8383,MFN1
8384,COPB2
8385,GAR1
8386,GP1BB
8387,NMT1
8388,KRT20
8389,UBE2E2
8390,MTLN
8391,HJURP
8392,PRUNE1
8393,ATP5PB
8394,ST6GALNAC6
8395,PANK1
8396,PARP15
8397,MAGI3
8398,NSUN5
8399,MTIF2
8400,MAGED2
8401,SYNE3
8402,HSPB2
8403,MYBL1
8404,TXNRD3
8405,CISH
8406,TAF1C
8407,SPOP
8408,SGSH
8409,DAAM1
8410,SLC35A1
8411,VAMP1
8412,DYNLRB1
8413,NCLN
8414,FAAH
8415,CEACAM20
8416,TFAP2D
8417,MED14
8418,CLPB
8419,METTL21C
8420,OPN1LW
8421,NELFA
8422,MT1E
8423,UBE2G2
8424,NFIC
8425,KRT7
8426,NSMCE1
8427,CXXC1
8428,FTSJ1
8429,WDR6
8430,TMEM43
8431,ZCCHC8
8432,TNRC6A
8433,KLHDC3
8434,BCAT1
8435,SEMA4B
8436,CERS1
8437,UFM1
8438,MBD4
8439,P2RY2
8440,ERLIN1
8441,PPHLN1
8442,TAMALIN
8443,POLDIP3
8444,CCDC103
8445,TTLL9
8446,GAPVD1
8447,PLK5
8448,KDELR3
8449,NDUFV2
8450,DCTN4
8451,BARX1
8452,DNAJB4
8453,RFXANK
8454,CCR8
8455,CROT
8456,GBX1
8457,TMCC1
8458,RASAL1
8459,RBPMS2
8460,TCFL5
8461,PASD1
8462,JAML
8463,OAZ3
8464,ARR3
8465,NPAP1
8466,ADCY4
8467,SAG
8468,NEK11
8469,USP6NL
8470,RHEBL1
8471,ETV3
8472,SPTLC2
8473,IMPACT
8474,SPECC1L
8475,APBB3
8476,SNIP1
8477,TICRR
8478,CRISPLD2
8479,AGAP3
8480,REG1A
8481,AHRR
8482,ARHGEF10
8483,GPC5
8484,TMEM258
8485,DSE
8486,MTARC2
8487,TNFRSF8
8488,XK
8489,CDH22
8490,HMMR
8491,HSPA14
8492,CLCA1
8493,NGEF
8494,WDR41
8495,SPECC1
8496,AAMP
8497,RAP1GAP2
8498,IQCG
8499,LDHA
8500,TAF15
8501,CST7
8502,STMP1
8503,CHRAC1
8504,PLEKHA5
8505,CELF2
8506,EPG5
8507,LARP4
8508,GSTZ1
8509,PABPC3
8510,WDR59
8511,ANO3
8512,CD8B
8513,DAZ2
8514,TDRD3
8515,TG
8516,USP9Y
8517,DDI2
8518,CNOT4
8519,SLC2A6
8520,GDPD2
8521,DENND4C
8522,EEF1AKMT3
8523,HNRNPA0
8524,MIF4GD
8525,ZNF175
8526,GPAA1
8527,PI3
8528,WASHC4
8529,DLGAP3
8530,INTS7
8531,NUDT19
8532,SFTPB
8533,PARM1
8534,DENND1A
8535,RBP3
8536,DNAH17
8537,SLC18A1
8538,OTUD7A
8539,ERVK-9
8540,HOXD4
8541,PTGER2
8542,PDLIM3
8543,SLC25A26
8544,PMVK
8545,TLL2
8546,NID2
8547,CNGA1
8548,CBFA2T2
8549,SLC7A2
8550,LIME1
8551,MARCHF5
8552,GTF2F2
8553,ATP9B
8554,MPHOSPH10
8555,RCSD1
8556,NUCB1
8557,KCTD17
8558,PDE4DIP
8559,C1QTNF5
8560,TEX19
8561,PERP
8562,DYNLT3
8563,PSMA7
8564,MRPL58
8565,PRMT3
8566,SPRR2A
8567,ST18
8568,CEP19
8569,EIF2S3
8570,PLCD3
8571,METTL1
8572,DRAM2
8573,SV2C
8574,BRF2
8575,PRDM13
8576,ITGAD
8577,GAMT
8578,H1-3
8579,UGT1A4
8580,SCEL
8581,GGT3P
8582,SLC6A12
8583,CEPT1
8584,IDI2
8585,ZC3H14
8586,CD3D
8587,DESI1
8588,PLOD1
8589,SGSM3
8590,PKN3
8591,CADPS2
8592,DPY30
8593,MTCL2
8594,KLHL40
8595,HSF2
8596,PTPN14
8597,TSPAN2
8598,STIM2
8599,ETFA
8600,ASMT
8601,PXDNL
8602,LIAS
8603,GEMIN6
8604,SOX12
8605,OSBPL3
8606,SUMO4
8607,IGSF9
8608,TRIM41
8609,BEX2
8610,GPS1
8611,PRODH
8612,DENND1B
8613,MAT2A
8614,ANKRA2
8615,SMOC1
8616,NAA20
8617,EID3
8618,YIF1B
8619,AMOTL2
8620,DAZ1
8621,KLHL42
8622,CAMSAP1
8623,PTGER3
8624,ANKLE2
8625,C8G
8626,RPL15
8627,CD68
8628,NAV3
8629,DIP2B
8630,DCAF12
8631,ADCY9
8632,NMU
8633,ENPP6
8634,FOXR1
8635,CLDN16
8636,DYNLT4
8637,RPS29
8638,SLC7A6
8639,MPEG1
8640,ST8SIA1
8641,PNLDC1
8642,DEPTOR
8643,MOGAT2
8644,POFUT2
8645,SMC1B
8646,SLC22A18
8647,TRAPPC6A
8648,DHX38
8649,ABITRAM
8650,MSGN1
8651,TRIM52
8652,RIC8A
8653,RAB40A
8654,PEAK1
8655,NXT1
8656,PCDHB6
8657,FLNC
8658,TCN2
8659,GNPTAB
8660,PRM2
8661,TEAD3
8662,SELENOM
8663,EVC
8664,YRDC
8665,EDA2R
8666,AP5Z1
8667,FMO3
8668,H2BC9
8669,PDE6D
8670,RPL21
8671,PPAT
8672,TLL1
8673,MED28
8674,NALCN
8675,POLK
8676,C6orf89
8677,ASPA
8678,PHKG1
8679,IL10RB
8680,CEP41
8681,YARS2
8682,KDM5C
8683,MRPL12
8684,STX19
8685,RNMT
8686,ABCB9
8687,TRAPPC6B
8688,MMP19
8689,LSM8
8690,ORMDL1
8691,MMP1
8692,CELA2A
8693,ABCA13
8694,ZNF432
8695,CMKLR2
8696,LTB4R
8697,KCNIP1
8698,NUFIP2
8699,FABP2
8700,AEN
8701,MAP9
8702,MEIOC
8703,PDHA1
8704,RPL29
8705,ABCF1
8706,NAGA
8707,GNB4
8708,AP5S1
8709,NKIRAS1
8710,GORASP2
8711,RIN1
8712,TIMP4
8713,PSMF1
8714,RASGRP3
8715,ST3GAL3
8716,SV2B
8717,CDSN
8718,RP1L1
8719,PCOLCE
8720,CERK
8721,VEZF1
8722,LYVE1
8723,TRMT10B
8724,SCG5
8725,SH2B1
8726,LCLAT1
8727,PLCD1
8728,ADAMTS16
8729,GTF2I
8730,LOXL4
8731,GRAMD1B
8732,SLC35A3
8733,VPS26B
8734,FGL1
8735,SLC30A7
8736,TFEC
8737,MOCS1
8738,DRAP1
8739,SDF2L1
8740,KREMEN1
8741,TEX15
8742,ALKBH2
8743,ACOT13
8744,GNGT1
8745,UQCRFS1
8746,BRINP3
8747,HMGN5
8748,SPSB4
8749,TGM3
8750,OXR1
8751,MACROD2
8752,DDX28
8753,LMAN2L
8754,FOXS1
8755,MAP1LC3B2
8756,TASOR
8757,COL4A6
8758,MYH13
8759,PGM1
8760,BTBD9
8761,LAX1
8762,MCTS1
8763,EXOSC1
8764,ABHD14B
8765,ELF2
8766,FBXL15
8767,RBSN
8768,NOVA1
8769,RENBP
8770,PUF60
8771,AURKAIP1
8772,ADAMTS6
8773,CATSPER2
8774,BRWD1
8775,SLC25A18
8776,SLC19A2
8777,CFI
8778,SLC39A7
8779,RNF11
8780,DAP3
8781,PHF20
8782,SLC6A8
8783,ARHGEF1
8784,AGPAT3
8785,GTF2H1
8786,CFAP206
8787,MESD
8788,CDKL3
8789,GDE1
8790,CDC42SE2
8791,BARHL2
8792,PIN4
8793,LTN1
8794,MTAP
8795,PSME4
8796,TLX2
8797,UBE4B
8798,MAB21L1
8799,CDH20
8800,MYH1
8801,EIF3I
8802,MMP28
8803,GOLGA4
8804,CGB3
8805,ZNF224
8806,MYT1L
8807,SDC2
8808,USP19
8809,IL36B
8810,PRDM7
8811,SENP3
8812,SEMG2
8813,EEF1AKMT4-ECE2
8814,PTCD3
8815,GPR31
8816,PPP2R1B
8817,MLLT6
8818,RGS17
8819,AFG2A
8820,SPEN
8821,ZGPAT
8822,EPHX1
8823,LSM10
8824,CACNA2D2
8825,DDX49
8826,LYPD6
8827,HHAT
8828,GEMIN7
8829,COPS7A
8830,FBXO9
8831,GPR155
8832,INPP4B
8833,PEA15
8834,TBX15
8835,VIRMA
8836,MED15
8837,CNGB3
8838,SLC45A2
8839,EMC10
8840,AK9
8841,CTSF
8842,KRT25
8843,DIAPH2
8844,PSMD4
8845,DPP9
8846,MED11
8847,IRX4
8848,FBXL3
8849,IFT43
8850,SIM2
8851,SAMD4A
8852,CEACAM8
8853,MTG1
8854,PIK3AP1
8855,THAP4
8856,SPRR3
8857,IQSEC3
8858,HSPA7
8859,BLVRB
8860,FASTKD3
8861,PSMA4
8862,DTX4
8863,USP49
8864,UROD
8865,SLC52A3
8866,TXNDC5
8867,RNF144B
8868,ETNK2
8869,CCK
8870,TRMT61B
8871,CD99L2
8872,ZDHHC6
8873,HAO1
8874,OGDHL
8875,MYL12A
8876,HSD11B1
8877,POP7
8878,CYP4F3
8879,HYPK
8880,TCN1
8881,RPRD1B
8882,DPH3
8883,NELFB
8884,TDRKH
8885,SACS
8886,CFAP65
8887,M1AP
8888,TTLL11
8889,RIOX1
8890,FIRRM
8891,CLTRN
8892,PYGM
8893,TEKT3
8894,RHOV
8895,MXRA8
8896,PDE4C
8897,FOXP2
8898,CCDC57
8899,CYB561D2
8900,ARHGAP26
8901,CLEC12B
8902,IL1RL2
8903,LCOR
8904,RNF26
8905,DBF4
8906,PIERCE1
8907,ARF3
8908,SLC35B1
8909,PDZD8
8910,FRMD6
8911,ROBO4
8912,PDSS1
8913,TSHB
8914,SETSIP
8915,MRPL18
8916,CAMKV
8917,P4HA2
8918,SKIC2
8919,IL36A
8920,EEFSEC
8921,ENOPH1
8922,MT1X
8923,PATL2
8924,RPL39
8925,SYBU
8926,CSNK1G3
8927,CDKN2AIP
8928,SRSF12
8929,KRT76
8930,DPH1
8931,COL12A1
8932,SNX16
8933,BCS1L
8934,MYBPC1
8935,SH3BGRL
8936,HNRNPF
8937,COL28A1
8938,KLHL12
8939,GMIP
8940,PCBD1
8941,CFB
8942,DYNC1I2
8943,ARHGEF6
8944,MRPL40
8945,SPC25
8946,HOXD12
8947,PLCH1
8948,SF3B2
8949,RBM39
8950,EAF1
8951,RHBG
8952,LSM11
8953,PLVAP
8954,CCNB3
8955,LIN9
8956,AFM
8957,PLA2G4D
8958,GPR62
8959,SLC7A3
8960,GGNBP2
8961,ESPN
8962,RNF138
8963,CD79A
8964,SERPINI1
8965,TRAPPC5
8966,ABHD17B
8967,WDR35
8968,AIFM3
8969,POU3F4
8970,CDC42EP5
8971,CBLIF
8972,HPF1
8973,BORA
8974,ST8SIA4
8975,GPR171
8976,RNF144A
8977,ELP4
8978,SELENBP1
8979,CHST10
8980,ZNF350
8981,PHACTR1
8982,SON
8983,ABCA6
8984,AMPH
8985,OLIG1
8986,MORC1
8987,FOXD3
8988,PRLHR
8989,KRT84
8990,BHMT2
8991,ADAM12
8992,DGKK
8993,PSMB3
8994,GTF3C1
8995,PRSS3
8996,RASD1
8997,TMEM230
8998,C2CD2L
8999,RASSF5
9000,SLC25A15
9001,PMCH
9002,PTCHD1
9003,STON2
9004,CYB5A
9005,ABHD10
9006,KLHL25
9007,CFDP1
9008,ACADSB
9009,IL17RC
9010,UBLCP1
9011,MYO5C
9012,SLC35C2
9013,CKAP2
9014,NAA40
9015,RGS19
9016,MAF1
9017,PFDN6
9018,CAMKMT
9019,IER5
9020,ATXN10
9021,IL19
9022,RER1
9023,PAXBP1
9024,GPR137B
9025,MXI1
9026,PDCL
9027,CEP20
9028,C12orf57
9029,SKOR1
9030,SQLE
9031,ICE2
9032,PEX11A
9033,LANCL1
9034,ACSF3
9035,PRMT8
9036,SUPT20H
9037,BCDIN3D
9038,BMP8A
9039,MYT1
9040,MINDY2
9041,YAF2
9042,GNLY
9043,DUSP18
9044,JPH1
9045,IFI30
9046,ALX3
9047,TMEM132A
9048,ITIH1
9049,MTMR14
9050,MT1F
9051,NFYA
9052,CCDC124
9053,GDPD5
9054,SSH3
9055,TSPAN14
9056,C9orf78
9057,SUPT3H
9058,PTPN7
9059,TLE4
9060,MIS18A
9061,SMG7
9062,MYL6B
9063,PRPF18
9064,MMP21
9065,CCS
9066,UBTFL1
9067,ZDHHC12
9068,XYLT1
9069,RNF25
9070,SGO2
9071,CBX6
9072,FBXO38
9073,NDUFA8
9074,GID8
9075,TEFM
9076,WFDC2
9077,NSMCE4A
9078,RAB20
9079,NFKBIL1
9080,PER3
9081,IL25
9082,POLR1A
9083,ERVK-7
9084,ZDHHC22
9085,ITGBL1
9086,VIPR1
9087,ANXA2P2
9088,SRRM4
9089,NPM3
9090,PDE6H
9091,ARHGAP45
9092,GYS1
9093,MSRB3
9094,OARD1
9095,BSCL2
9096,TNPO1
9097,RFX2
9098,CRYZ
9099,RAB28
9100,HECTD1
9101,GLCE
9102,STXBP5L
9103,CD151
9104,NEIL2
9105,UNC45A
9106,NOTUM
9107,IL24
9108,CEP68
9109,KRT33B
9110,NDST2
9111,GABARAPL3
9112,GGA2
9113,SF3B4
9114,QTRT2
9115,CHCHD6
9116,SATB1
9117,C1R
9118,JAKMIP1
9119,GATM
9120,HLF
9121,REEP1
9122,PCF11
9123,SPRY3
9124,GAS2L3
9125,GPR15
9126,AQP6
9127,GP5
9128,SAMD8
9129,ECE2
9130,KDM3B
9131,HPD
9132,TERB2
9133,ANKS4B
9134,TRPC4AP
9135,UNC45B
9136,LRRC4B
9137,DAZ4
9138,AMBN
9139,FDX2
9140,HOXC5
9141,TRIM9
9142,ECD
9143,SEL1L
9144,PAM16
9145,YIPF6
9146,MT1H
9147,SLC31A2
9148,PWP1
9149,INTS11
9150,P2RY11
9151,AUNIP
9152,TNP2
9153,EIF4G3
9154,RAB37
9155,E2F6
9156,HPS5
9157,CFAP43
9158,SNAPC5
9159,CENPO
9160,PREPL
9161,SNPH
9162,AGA
9163,TAF1B
9164,KRT35
9165,PGD
9166,NKX6-3
9167,CCDC61
9168,SNUPN
9169,TM9SF2
9170,MPDZ
9171,ZNF217
9172,NDUFA4
9173,PREX2
9174,RPF2
9175,HAUS1
9176,ADAMTS2
9177,REPS1
9178,TTC3
9179,EVI5
9180,NADK
9181,IL5RA
9182,IRX1
9183,CDC26
9184,CLCN6
9185,KCNMB2
9186,MAOA
9187,NME2P1
9188,ANP32A
9189,RGS20
9190,AZI2
9191,IFNL3
9192,SLC25A1
9193,PCIF1
9194,MAP3K1
9195,MOB1B
9196,LCMT1
9197,PPP1R13B
9198,DDN
9199,ZCWPW1
9200,CAMTA1
9201,GOLGA7
9202,KCNE1B
9203,TIMM13
9204,LYNX1
9205,ATG101
9206,WFIKKN2
9207,HELZ
9208,TEX101
9209,TST
9210,GPAT3
9211,REM1
9212,TLR5
9213,TOE1
9214,AREL1
9215,FCGR3B
9216,NOXO1
9217,LGALS8
9218,UTP3
9219,AGTRAP
9220,TSPO2
9221,RGS16
9222,BMP3
9223,ZFYVE9
9224,SRMS
9225,MCTP1
9226,NDUFA7
9227,MOK
9228,SFTPA2
9229,C8A
9230,TSPEAR
9231,H1-7
9232,FOXI1
9233,CAVIN3
9234,MT-ND2
9235,CNTLN
9236,USP17L24
9237,GRPEL2
9238,ZFHX2
9239,STRBP
9240,LEPROT
9241,RNF115
9242,ARHGAP10
9243,STK35
9244,GRAP2
9245,ARHGEF12
9246,FBXL20
9247,ZBTB48
9248,GRK6
9249,LIN54
9250,LAMB3
9251,METRNL
9252,CPSF7
9253,ARHGDIG
9254,MYOM1
9255,GADD45G
9256,IMP4
9257,CHODL
9258,GPX2
9259,NELL2
9260,BCO1
9261,HSBP1
9262,SUMO2
9263,RAI1
9264,TECR
9265,CALR3
9266,TRIM45
9267,SUMO3
9268,GDF9
9269,EXOG
9270,NAPRT
9271,OPN1MW
9272,CAPNS1
9273,TENT5C
9274,ASCL3
9275,AGMO
9276,BIRC8
9277,TREML1
9278,DMGDH
9279,ELP5
9280,PAXX
9281,NDUFB6
9282,RHBDF2
9283,GNAL
9284,NCDN
9285,RCVRN
9286,HAS1
9287,PGP
9288,CFC1B
9289,INPP5A
9290,NUDT9
9291,COL4A5
9292,CXCL17
9293,TENT2
9294,SLC35B2
9295,AWAT2
9296,MAP10
9297,XKR8
9298,CARD14
9299,CEND1
9300,LRRC26
9301,GRK4
9302,ACADS
9303,DIO2
9304,DPP3
9305,UAP1
9306,PREB
9307,TMPRSS2
9308,CUTC
9309,NENF
9310,ASAP3
9311,MMD
9312,ESAM
9313,ANP32E
9314,HOXB6
9315,TCEA2
9316,MZT1
9317,ENTPD8
9318,GMFB
9319,CD53
9320,EARS2
9321,MSRB2
9322,CYP21A2
9323,DNPEP
9324,ULK4
9325,AHCY
9326,NCEH1
9327,PLPPR4
9328,RPP25
9329,GORASP1
9330,NAT8
9331,BUD23
9332,ATP6V0E2
9333,RBM11
9334,GLDN
9335,MYL7
9336,HOXC8
9337,CDKAL1
9338,AMPD3
9339,MID1IP1
9340,ALKAL1
9341,CDC42SE1
9342,PKD1L1
9343,FDFT1
9344,MGAT4B
9345,HID1
9346,SCRN1
9347,SLC16A12
9348,GFPT1
9349,GGT2P
9350,PNPLA1
9351,PRKCSH
9352,SLC4A9
9353,LAMP5
9354,RIN2
9355,KRT13
9356,TMEM163
9357,UCK2
9358,SLA
9359,CLC
9360,DRC1
9361,ST14
9362,ZDHHC4
9363,POM121
9364,DHX35
9365,ARFGAP3
9366,ABHD3
9367,PDIA2
9368,PTPN5
9369,DPP8
9370,ARMCX3
9371,KIAA0753
9372,ZFAND6
9373,GFPT2
9374,HINT2
9375,DEDD
9376,USP38
9377,STARD3NL
9378,PHLDA1
9379,USP39
9380,SHC4
9381,PLA2G2C
9382,SFXN5
9383,DOCK3
9384,FRAS1
9385,GRM4
9386,SELPLG
9387,POC1B
9388,TMEM38A
9389,MIS12
9390,PRSS21
9391,ZNF131
9392,ASXL2
9393,KLHL2
9394,XPO6
9395,TSC22D4
9396,CLIC3
9397,SNX19
9398,KLK7
9399,USP42
9400,RSC1A1
9401,ADAM23
9402,GPR89A
9403,HAUS2
9404,KCNQ5
9405,COG2
9406,NMNAT3
9407,SLC17A1
9408,FCGR2C
9409,ARHGAP28
9410,RAET1L
9411,SLC26A10P
9412,ESRP1
9413,PDE11A
9414,DCLRE1A
9415,MASP2
9416,PLEKHO1
9417,CEP83
9418,ASNS
9419,ZFAND2A
9420,SLC25A29
9421,PDE10A
9422,COPS6
9423,HMGN2
9424,MITD1
9425,POU2F2
9426,DCAF7
9427,MESP2
9428,SERPINB12
9429,SUGT1
9430,KCTD10
9431,MT1DP
9432,DNAI3
9433,NFYB
9434,SERPINB5
9435,TCEA1
9436,KLF13
9437,HTR1F
9438,CCNL2
9439,SSU72
9440,OLIG3
9441,KCNH5
9442,OTOL1
9443,TSPAN1
9444,ATPSCKMT
9445,UBXN8
9446,P4HTM
9447,IZUMO1R
9448,ZMIZ2
9449,ZNRF4
9450,RFX5
9451,DPYSL5
9452,XAF1
9453,SCAI
9454,RIPPLY2
9455,SCUBE3
9456,PMEPA1
9457,CLNK
9458,KLHL21
9459,CEP44
9460,KRT31
9461,UBE3D
9462,ZBTB42
9463,LST1
9464,ARHGAP9
9465,SHISA9
9466,SLC9A2
9467,DNAH6
9468,ERGIC3
9469,DHDDS
9470,SKA2
9471,RPL36
9472,CAST
9473,PYDC1
9474,TFB1M
9475,MACO1
9476,ATP6V1G2
9477,SEPTIN10
9478,ARL4C
9479,TMEM41B
9480,GCFC2
9481,DUSP13B
9482,STRA8
9483,MT-ND5
9484,CHPT1
9485,FRG1
9486,TEN1
9487,PRIM1
9488,DNAH10
9489,ACOT2
9490,AP1G2
9491,ARMC8
9492,RHBDD2
9493,BBC3
9494,SLC20A1
9495,MTG2
9496,NFKBIB
9497,AK7
9498,GPR3
9499,A1BG
9500,SERAC1
9501,AFF3
9502,ESCO1
9503,MAL2
9504,PATL1
9505,ZC3HAV1
9506,PSMD6
9507,SLFN14
9508,ERVK-10
9509,FAM20B
9510,KRT12
9511,SLC35F6
9512,ATAD3A
9513,TMIGD3
9514,ZNF366
9515,GRXCR1
9516,TMPRSS4
9517,PLEKHG6
9518,LRRC59
9519,LMX1B
9520,AGGF1
9521,TMEM109
9522,ABCB5
9523,PFDN4
9524,ITGA10
9525,CAMK1G
9526,BOLA3
9527,CLCN7
9528,ATL3
9529,BRD3
9530,ZBTB6
9531,CHTOP
9532,TMEM79
9533,C6
9534,MYH15
9535,CENPI
9536,COL10A1
9537,ALMS1
9538,BOLA2
9539,LY6G6D
9540,PRELP
9541,PHLDB1
9542,RPP38
9543,ZNF354C
9544,RNF114
9545,NSL1
9546,ANKZF1
9547,SRSF9
9548,SRSF3
9549,SNX14
9550,PSD
9551,APOOL
9552,SLC41A1
9553,RGP1
9554,MTCH2
9555,APOL2
9556,MGP
9557,BARGIN
9558,THBS2
9559,MAP3K8
9560,DUS3L
9561,H2BC15
9562,BEX3
9563,NAA35
9564,EEF1G
9565,MIER1
9566,ARHGAP39
9567,MRPL20
9568,PRRT1
9569,MT1B
9570,SLC25A6
9571,SMUG1
9572,LYRM4
9573,SFMBT1
9574,DCAF6
9575,CHRFAM7A
9576,NAB2
9577,WFIKKN1
9578,YJEFN3
9579,HAUS3
9580,AIF1L
9581,TRPC7
9582,DAZ3
9583,DAP
9584,TCP11
9585,STAC
9586,FBXO32
9587,TRIM29
9588,PRIM2
9589,DISP1
9590,ASPN
9591,PPIL1
9592,SLC25A22
9593,KBTBD6
9594,GMEB2
9595,SNTG1
9596,GMEB1
9597,PLEKHA4
9598,SNRPA
9599,SMYD5
9600,TSPAN33
9601,RIMS4
9602,CRLF3
9603,TADA1
9604,HIC2
9605,RASAL2
9606,LAMA4
9607,IPO9
9608,CWC15
9609,FXYD3
9610,KLK14
9611,UCHL3
9612,STRN4
9613,ODC1
9614,SFMBT2
9615,PCCB
9616,PAPSS1
9617,PLEKHF2
9618,DUSP15
9619,NCCRP1
9620,TFDP3
9621,CRTC2
9622,SIGLEC10
9623,NAPB
9624,CRB3
9625,FBXO3
9626,PLS3
9627,EFCAB7
9628,CLDN8
9629,TRABD2B
9630,CIAO3
9631,TECPR1
9632,DCTN5
9633,TPK1
9634,LTB4R2
9635,MICOS13
9636,MOXD1
9637,CABP2
9638,SLC39A3
9639,PCSK4
9640,ANGPTL8
9641,SH2D1A
9642,SUOX
9643,POLR3D
9644,SORCS3
9645,MARCHF6
9646,IFT22
9647,OMP
9648,MLLT11
9649,MCAM
9650,FLT3LG
9651,KCNJ12
9652,POLM
9653,SFR1
9654,MT1M
9655,GOLT1A
9656,CYB561A3
9657,TSSK6
9658,GAL3ST4
9659,HEATR5B
9660,EFNA3
9661,SPC24
9662,SACM1L
9663,FSTL4
9664,RASA4
9665,CSMD1
9666,GPR18
9667,SRGAP2C
9668,TRPS1
9669,SLC35E3
9670,FMO4
9671,CRIM1
9672,PGM3
9673,PIPOX
9674,NLRP9
9675,MICU2
9676,MTX2
9677,RAB24
9678,CCDC85B
9679,PSMA8
9680,SLC35C1
9681,LDHAL6B
9682,IDUA
9683,DNAH3
9684,HTR1E
9685,ZNF202
9686,ADGRG3
9687,DMRTA1
9688,HR
9689,CDCA2
9690,MYL4
9691,HSPB7
9692,MCF2L
9693,CISD1
9694,MATN3
9695,SHLD1
9696,ZNF593
9697,KRT15
9698,BTBD1
9699,B4GAT1
9700,ANAPC10
9701,LYL1
9702,APBB1IP
9703,PAPOLG
9704,NAA11
9705,PPA2
9706,RDH14
9707,BIK
9708,ENDOV
9709,LMCD1
9710,AASDHPPT
9711,SOCS7
9712,UBP1
9713,BCAM
9714,SEMA3D
9715,MSI1
9716,BCAS2
9717,ATP5MC3
9718,H1-6
9719,BET1L
9720,SLC50A1
9721,KLHL10
9722,SAT1
9723,COX11
9724,TSR1
9725,ARFGAP1
9726,DACT3
9727,MLEC
9728,SERPINA10
9729,PTS
9730,PRPSAP2
9731,ARHGEF16
9732,KIF21B
9733,FERD3L
9734,DCTPP1
9735,SCAF11
9736,SP140
9737,ARHGAP29
9738,RPL35
9739,PNLIP
9740,B4GALT4
9741,MEX3C
9742,SCLT1
9743,TFB2M
9744,CLGN
9745,KIAA0586
9746,RIPK4
9747,KCTD7
9748,CTSW
9749,TGFBR3L
9750,DSTN
9751,STATH
9752,NPY2R
9753,MTCH1
9754,MATN1
9755,CALHM3
9756,TNS1
9757,RNF133
9758,ZACN
9759,VTCN1
9760,SLC25A20
9761,SLAMF6
9762,CHTF8
9763,KRT74
9764,ATP5MC1
9765,SULT1C3
9766,NKRF
9767,CCL28
9768,CASTOR1
9769,PLEKHA2
9770,TRIM35
9771,SLC25A3
9772,CLPP
9773,IARS2
9774,CYP4V2
9775,N4BP2L2
9776,HAPLN3
9777,RGS3
9778,HIKESHI
9779,STPG4
9780,KIR2DL4
9781,CEP135
9782,CRABP1
9783,RITA1
9784,ADH1B
9785,BET1
9786,NAALADL1
9787,PMM1
9788,IMPG1
9789,BRINP2
9790,IFNL2
9791,DNASE1L2
9792,RBM38
9793,HORMAD2
9794,UXS1
9795,DPCD
9796,GTF3C3
9797,U2AF1
9798,NOP2
9799,RASAL3
9800,GCHFR
9801,GTF2E2
9802,ADGRB2
9803,CFAP69
9804,WWC2
9805,MED24
9806,HECW1
9807,DDX12P
9808,RHOXF1
9809,ADAMTS15
9810,COX7A2L
9811,RBM23
9812,RPL18A
9813,FBLIM1
9814,LRFN3
9815,HGSNAT
9816,OC90
9817,PTPRH
9818,HEPACAM2
9819,GALNT6
9820,MMP10
9821,MRGBP
9822,RBMY1B
9823,PTPN18
9824,ITFG2
9825,TCF25
9826,IL13RA2
9827,MASP1
9828,TRMT10A
9829,ZNHIT3
9830,SOHLH2
9831,CLDN9
9832,COX7A1
9833,ATP5F1E
9834,UACA
9835,BARHL1
9836,POLD2
9837,ATP1B4
9838,RDH8
9839,HAUS4
9840,PLXDC1
9841,AARSD1
9842,NUDCD2
9843,ODAD2
9844,CFAP221
9845,SLC36A3
9846,NFIX
9847,NUP160
9848,ZBTB32
9849,SETD1B
9850,CHST3
9851,FYCO1
9852,LMTK3
9853,TANC1
9854,ARHGEF28
9855,COL23A1
9856,LCN1
9857,KIF3C
9858,PF4V1
9859,ANKRD54
9860,ELF1
9861,DTD1
9862,SLC25A19
9863,EPHA10
9864,PHF24
9865,COX5B
9866,TOM1L2
9867,IRX2
9868,ETV7
9869,MGA
9870,CUL9
9871,RCE1
9872,SOHLH1
9873,TLE3
9874,MAP3K9
9875,TNFSF9
9876,ICA1
9877,TRPV5
9878,FIGLA
9879,LCA5
9880,H3C13
9881,NEUROG2
9882,GCA
9883,RNASEH2A
9884,MZB1
9885,IGKV3-11
9886,COASY
9887,SKIC3
9888,ENTPD3
9889,SYNC
9890,RAPH1
9891,ERGIC1
9892,IGKV2-30
9893,COG8
9894,TECTA
9895,ZNF418
9896,SINHCAF
9897,SEMA3G
9898,OPN1MW3
9899,EMC8
9900,MGAT4D
9901,PDE1A
9902,ATP5PF
9903,RETREG3
9904,INVS
9905,VSTM4
9906,CFAP91
9907,NUDT2
9908,B3GNT6
9909,BBS10
9910,KCNN1
9911,ADRA1D
9912,EFL1
9913,KLF3
9914,TBCA
9915,KRT75
9916,SRD5A3
9917,MTERF1
9918,NDUFAF5
9919,FHDC1
9920,OSBPL11
9921,MT-ND3
9922,TMEM129
9923,ACOX3
9924,NAPSA
9925,ZNF425
9926,ACP6
9927,AMACR
9928,RNASE10
9929,CRNKL1
9930,USPL1
9931,MFAP2
9932,PPME1
9933,MED29
9934,NDUFB5
9935,HEXIM2
9936,FEM1A
9937,LMO3
9938,THEMIS
9939,LEFTY1
9940,TMEM64
9941,RAI14
9942,PPCS
9943,PDE7B
9944,BHLHE23
9945,CXXC5
9946,TSPY1
9947,MAN2A2
9948,KRT28
9949,COPS7B
9950,GAPDHS
9951,THAP5
9952,MBNL3
9953,ENKUR
9954,TSSK1B
9955,CHCHD2
9956,CALB2
9957,QPCT
9958,PAIP2
9959,TRIM59
9960,PANX2
9961,MINAR1
9962,HOXC4
9963,FBXO10
9964,ENO3
9965,LPIN2
9966,RHOBTB2
9967,ZC3HC1
9968,DHCR7
9969,ZNF653
9970,SUN5
9971,SGCZ
9972,HCCS
9973,LUC7L3
9974,ZNF205
9975,PHF21A
9976,GINS1
9977,KLHDC2
9978,PPP2R3B
9979,MCMBP
9980,KDM4B
9981,PPP1R3B
9982,PLAGL2
9983,SIRPG
9984,FREM1
9985,RAB33A
9986,LMO2
9987,GPATCH3
9988,XYLT2
9989,EHHADH
9990,HS6ST1
9991,MEIOSIN
9992,RAET1E
9993,POLE4
9994,KCNS1
9995,SFXN3
9996,PRORP
9997,CACNA1F
9998,DIP2A
9999,CMTM8
10000,YIF1A
10001,PCBP3
10002,COPZ2
10003,NCOA4
10004,BICRAL
10005,PUS10
10006,GLUD2
10007,ZDHHC16
10008,ALG10B
10009,CD2BP2
10010,IVD
10011,SLCO2A1
10012,PTTG1IP
10013,SEC14L2
10014,TTI1
10015,APOC4
10016,ANAPC1
10017,METTL22
10018,GLYCTK
10019,REEP6
10020,B3GNT3
10021,ECRG4
10022,RIMS3
10023,INMT
10024,REEP4
10025,CHST1
10026,PDE6A
10027,LZTFL1
10028,HERC4
10029,MADCAM1
10030,PTRH2
10031,FANCE
10032,SLC34A3
10033,CCT8L2
10034,CCNC
10035,TPPP3
10036,TRIL
10037,MXD1
10038,AATK
10039,MRPS15
10040,NANS
10041,WDR4
10042,RBPJL
10043,ARID3A
10044,AKR7A3
10045,EME2
10046,ZNF415
10047,ARF5
10048,ILDR2
10049,TNFRSF19
10050,LRFN5
10051,WARS2
10052,KRT34
10053,AHSA1
10054,TBRG4
10055,NMRK1
10056,NBAS
10057,RARS2
10058,PKNOX2
10059,RABIF
10060,RPUSD3
10061,ATP6V1C2
10062,OCIAD1
10063,ANKK1
10064,RUNX1T1
10065,YIPF1
10066,DLAT
10067,SLC27A3
10068,RAB44
10069,KIF26B
10070,HNMT
10071,ULBP3
10072,MIOX
10073,ECH1
10074,CS
10075,DND1
10076,CC2D1B
10077,USP11
10078,ITIH2
10079,PCYOX1
10080,TIMM44
10081,SLC36A4
10082,ANAPC15
10083,DIMT1
10084,TBL2
10085,ADARB2
10086,TRIM2
10087,FIZ1
10088,H2BC13
10089,NEURL1B
10090,UTP6
10091,ITGAE
10092,DHPS
10093,SAMSN1
10094,ZNF655
10095,DNAJC7
10096,PMM2
10097,ZNF35
10098,VEZT
10099,FCGR2A
10100,POP1
10101,ORC6
10102,SMPD2
10103,ZSWIM8
10104,ATP5MC2
10105,LARP6
10106,HSPBP1
10107,IGKV1-5
10108,GLIS3
10109,KCNK5
10110,MAST3
10111,MED22
10112,NDUFB8
10113,RSPO3
10114,KLF12
10115,TASL
10116,COQ8B
10117,TOMT
10118,SAT2
10119,CPSF2
10120,ARHGEF25
10121,ADGRG2
10122,ARPC1A
10123,SURF6
10124,IWS1
10125,EI24
10126,NDUFAF1
10127,PROK1
10128,BBIP1
10129,PEX26
10130,CEP128
10131,NXN
10132,LRRC8B
10133,ZNF345
10134,FBXW5
10135,FDXR
10136,ZNF397
10137,ENAM
10138,RTKN2
10139,GLS2
10140,RAX
10141,KCNA6
10142,TSPY2
10143,SOX21
10144,LRP12
10145,GRAMD1C
10146,FASTKD5
10147,RASSF1
10148,SIAH3
10149,NSMAF
10150,KERA
10151,BTF3
10152,RPL32
10153,TAS1R3
10154,CEMP1
10155,EXOC6B
10156,NEBL
10157,FAAP24
10158,RAB40AL
10159,CNEP1R1
10160,CKLF
10161,RPL41
10162,DUSP12
10163,KRT32
10164,GORAB
10165,CLEC4C
10166,PLOD2
10167,SLC45A3
10168,PRPH
10169,BLOC1S4
10170,KLHDC8B
10171,ZNF618
10172,GPT
10173,CENPQ
10174,SLC18B1
10175,GTF2A1L
10176,PLCB4
10177,FN3K
10178,ASPG
10179,CSAD
10180,HARS1
10181,MAGEA3
10182,FPR3
10183,TNNT1
10184,TBCC
10185,SCARA3
10186,MAP4K5
10187,BSPRY
10188,ARHGAP12
10189,THSD1
10190,H2BC3
10191,NSRP1
10192,CAMKK1
10193,CHCHD1
10194,PPEF1
10195,CHN1
10196,CSRP2
10197,SCLY
10198,PRDM6
10199,H2BC14
10200,ROBO3
10201,ARHGAP15
10202,SP5
10203,ZNF445
10204,ANKRD53
10205,ERF
10206,SLC6A18
10207,PSMG2
10208,DERL3
10209,IL11RA
10210,FAM162A
10211,GUF1
10212,GNG7
10213,GPR119
10214,HSD17B3
10215,NFE2L3
10216,APOL3
10217,KIF12
10218,FRMPD2
10219,CDAN1
10220,NFYC
10221,EPDR1
10222,CEACAM7
10223,ZNF146
10224,KCND1
10225,MOG
10226,IFT46
10227,PARP8
10228,TENT5B
10229,CUX1
10230,MAGT1
10231,SIK1B
10232,PRM1
10233,FAT3
10234,PLPP4
10235,PDE6C
10236,MRPS14
10237,AHSP
10238,KLRG1
10239,RINL
10240,GDPD3
10241,MPC2
10242,NUDT18
10243,VWC2
10244,HUS1B
10245,TAL2
10246,BLZF1
10247,CSF2RA
10248,INSM2
10249,WDR33
10250,KTN1
10251,FRMD5
10252,FLAD1
10253,HDLBP
10254,ACSM6
10255,CDC37L1
10256,SCCPDH
10257,COQ5
10258,ALDH3B2
10259,MFSD10
10260,TGIF1
10261,MALSU1
10262,GUCY1B2
10263,TOR1AIP1
10264,RBKS
10265,PHF23
10266,CMTM6
10267,TSPY8
10268,PEBP1
10269,FCRL5
10270,SLC22A14
10271,KRT77
10272,SLC27A6
10273,SCOC
10274,CALU
10275,SLC2A14
10276,COL25A1
10277,TINAGL1
10278,MOCOS
10279,ADPGK
10280,UPRT
10281,SULT1C4
10282,TESMIN
10283,POLA2
10284,BUD13
10285,FCRL2
10286,FATE1
10287,NPEPPSL1
10288,QRFP
10289,TAF1D
10290,NAB1
10291,DAPL1
10292,NACC1
10293,ZNF12
10294,LGALS13
10295,IGHD
10296,KLHDC10
10297,PDZD2
10298,MCCC2
10299,FBXL7
10300,DEFB124
10301,CLEC14A
10302,SDSL
10303,ZNF768
10304,TRUB2
10305,NRBP1
10306,ERVK-8
10307,CDK15
10308,SIL1
10309,CABIN1
10310,MPLKIP
10311,NDUFS5
10312,ZNF276
10313,SMTN
10314,CTU2
10315,HOXC6
10316,HARS2
10317,MVD
10318,IGSF11
10319,TFCP2
10320,RNF217
10321,IGKV1D-33
10322,INTS5
10323,KCTD5
10324,ANO4
10325,CARHSP1
10326,MAJIN
10327,H3-4
10328,JADE3
10329,GOLGA5
10330,SPACA9
10331,KHDRBS2
10332,MSI2
10333,RGS5
10334,MIER2
10335,DPM2
10336,TSPAN5
10337,AFG1L
10338,TNNI2
10339,DLGAP4
10340,TOX3
10341,MARCKSL1
10342,PLEKHH2
10343,CD163
10344,MAN2B2
10345,RINT1
10346,TAPBPL
10347,TOR1AIP2
10348,FAM83B
10349,IFIT2
10350,PFN4
10351,ALDH1B1
10352,TTLL13
10353,AKAP7
10354,PCSK1N
10355,USP32
10356,ACTR1A
10357,BSX
10358,HOXD1
10359,NXT2
10360,TNFRSF13C
10361,DNAI4
10362,CCDC8
10363,EEF1A1P5
10364,DPP7
10365,AZIN1
10366,RPS6KC1
10367,PAGR1
10368,PITHD1
10369,CLIC6
10370,TBL3
10371,AGAP1
10372,CD58
10373,PPM1G
10374,FOXO6
10375,BATF2
10376,ROPN1
10377,SLITRK2
10378,INTS1
10379,SBF1
10380,LRRC4C
10381,MIEF1
10382,LSG1
10383,SIX6
10384,PTPRB
10385,FAM110C
10386,UBL5
10387,DEFB106A
10388,ZMAT3
10389,CASZ1
10390,GOLT1B
10391,AQP7B
10392,ARB2A
10393,IL18BP
10394,METTL21A
10395,NUP88
10396,DRP2
10397,XYLB
10398,DDX31
10399,RBM7
10400,ENPP4
10401,ZNF274
10402,ARVCF
10403,JAZF1
10404,CHST6
10405,IL22RA2
10406,CD79B
10407,ANKS1B
10408,PYGO1
10409,KRT27
10410,PMP2
10411,POLR2D
10412,ADAMTS4
10413,CIP2A
10414,ROPN1L
10415,RAP1BL
10416,COG1
10417,SRRM2
10418,CCDC65
10419,SPATA24
10420,KIF26A
10421,GPBP1
10422,OR1D2
10423,METTL13
10424,MRPL28
10425,HOXD11
10426,PABIR1
10427,UBAC1
10428,SEMA4G
10429,NLRP2B
10430,DLGAP1
10431,GFRA4
10432,API5
10433,KCNJ4
10434,ZNF300
10435,MIDN
10436,EPHB6
10437,ZNF24
10438,CAMTA2
10439,GCAT
10440,UGGT2
10441,MUC20
10442,PTMA
10443,B3GALT5
10444,DYNAP
10445,NEUROD6
10446,CTPS2
10447,ERVK-19
10448,LY6H
10449,FANCB
10450,PMS1
10451,KLHL24
10452,FARS2
10453,GNG3
10454,DUSP21
10455,ATP6V0E1
10456,XPNPEP1
10457,CSNK1A1L
10458,APCDD1
10459,ETFB
10460,PHETA1
10461,LAMC3
10462,NEB
10463,MRPL13
10464,FHIP1B
10465,ANTKMT
10466,DUSP23
10467,MC2R
10468,SRP9
10469,UBE2M
10470,UNC119B
10471,IGKV2D-28
10472,ACP1
10473,DLEC1
10474,CEP162
10475,DENND1C
10476,SEC14L1
10477,MEP1A
10478,PARVG
10479,DIS3L
10480,ADAD2
10481,RFNG
10482,TSPY4
10483,UTY
10484,CLCC1
10485,MSRB1
10486,NPFFR2
10487,COL9A2
10488,OAZ1
10489,DDX55
10490,OAZ2
10491,TRUB1
10492,TMED4
10493,ERO1B
10494,JCAD
10495,CDS2
10496,MEIS3P1
10497,SPAM1
10498,GKN1
10499,TTR
10500,ENDOD1
10501,CLK4
10502,ERAL1
10503,NCALD
10504,H2AB1
10505,WBP11
10506,RPL17
10507,ZNF395
10508,CREB5
10509,LGALS4
10510,CELSR3
10511,ST8SIA6
10512,UBE2E3
10513,UTS2
10514,FAM83H
10515,SLC51A
10516,VCPKMT
10517,LRP11
10518,KRT83
10519,GPX3
10520,NPS
10521,COMMD9
10522,NIBAN1
10523,GINS4
10524,RUSC1
10525,FOXJ3
10526,FOXD4
10527,NMUR1
10528,ALKBH7
10529,IER2
10530,MRPL11
10531,ECI2
10532,DEFB103A
10533,PLEK2
10534,VRK3
10535,GRK7
10536,SAC3D1
10537,HNRNPH2
10538,USP48
10539,KRT6B
10540,CARD10
10541,LARP4B
10542,ENTREP1
10543,TUFT1
10544,SUPT7L
10545,NUB1
10546,WDR74
10547,BOLL
10548,GRB14
10549,RHBDF1
10550,TRAF3IP3
10551,MLIP
10552,PCDH1
10553,IDO2
10554,ZGLP1
10555,GCSH
10556,OPN1MW2
10557,MDM1
10558,NAT8L
10559,CLDN10
10560,SLC47A2
10561,ADH6
10562,NOVA2
10563,NAP1L2
10564,TTF1
10565,TPPP2
10566,PABPC5
10567,MRC2
10568,SEPHS2
10569,SIM1
10570,UQCRH
10571,EIF4EBP1
10572,ADH1C
10573,SNAPC4
10574,CXCL3
10575,KLK4
10576,EGFL6
10577,TTL
10578,HOXA6
10579,AMTN
10580,CTDSPL
10581,MOSPD1
10582,USP34
10583,CCNB1IP1
10584,SEMA6C
10585,ELP1
10586,PRAMEF9
10587,NCKIPSD
10588,RPN1
10589,TPM3
10590,IFNL4
10591,SYDE1
10592,KXD1
10593,ZNF410
10594,IGKV1-39
10595,ZHX1
10596,SNAPC1
10597,CCDC78
10598,KCNJ9
10599,TTC28
10600,PCGF3
10601,REPS2
10602,IDI1
10603,SLC25A32
10604,RHBDD3
10605,SRP19
10606,DMRTB1
10607,TIMM23
10608,NARS2
10609,IGKV2D-40
10610,LOC122513141
10611,ZG16B
10612,IL9R
10613,AHDC1
10614,KIF28P
10615,CNMD
10616,RBM19
10617,THOC3
10618,KAZN
10619,NDUFB9
10620,RCAN3
10621,ADAD1
10622,PCDH12
10623,HDC
10624,RIMKLB
10625,ZWILCH
10626,G2E3
10627,ESD
10628,KLHL9
10629,NIFK
10630,TMEM184A
10631,POF1B
10632,HAVCR1
10633,ADNP2
10634,CENPU
10635,RALGAPA2
10636,CTDSP2
10637,CCN5
10638,XPO4
10639,TMOD4
10640,KLRC3
10641,CFHR5
10642,TRAPPC10
10643,SLC16A13
10644,MRGPRX2
10645,URM1
10646,SAMD7
10647,SYTL1
10648,ZFY
10649,TMC1
10650,BUD31
10651,RPP30
10652,RPP40
10653,LDOC1
10654,AGPS
10655,IL1F10
10656,PDC
10657,HAUS6
10658,ATG16L2
10659,LAT2
10660,STARD9
10661,CHORDC1
10662,XIRP2
10663,HNRNPLL
10664,OSBP2
10665,SLC7A14
10666,DCTD
10667,SH3BP5
10668,EMC2
10669,IGLV3-21
10670,SLC38A4
10671,TSPY3
10672,SPAG1
10673,DECR2
10674,RMDN2
10675,PPP1R3C
10676,RPL36A
10677,KLHL1
10678,HECW2
10679,NAV1
10680,RRH
10681,PRSS1
10682,NUP188
10683,CPNE5
10684,KCTD6
10685,CMYA5
10686,TUBE1
10687,PSD2
10688,GADD45B
10689,EPHA6
10690,TIMM10B
10691,NOTCH2NLA
10692,GMNC
10693,GALNS
10694,TNFAIP8L2
10695,ADCK1
10696,POU6F1
10697,ZBTB34
10698,FRRS1L
10699,TUSC3
10700,MRPL10
10701,PRPSAP1
10702,MMP23B
10703,ARHGAP11B
10704,PROZ
10705,DNAH14
10706,KRT36
10707,XPOT
10708,MAP4K3
10709,ABRA
10710,GPR149
10711,PACS2
10712,TAFA4
10713,TES
10714,SPEG
10715,GEMIN8
10716,CPN1
10717,RSPH6A
10718,ETAA1
10719,NFU1
10720,CYTL1
10721,SPRN
10722,FABP7
10723,CERS3
10724,IGKV1-33
10725,TSSC4
10726,CHN2
10727,UCN2
10728,ZP1
10729,MT1L
10730,ARHGEF19
10731,C15orf62
10732,SLC10A2
10733,CCDC13
10734,GJB5
10735,SEC61G
10736,UTP18
10737,GTF2IRD1
10738,ZDHHC18
10739,SCN7A
10740,YBX2
10741,FOXN3
10742,CCNI
10743,PTPN4
10744,RPSA2
10745,TSPYL5
10746,MSLN
10747,GLIS1
10748,GATC
10749,MAPKBP1
10750,LRRC52
10751,PFKFB3
10752,B3GNT5
10753,CCNL1
10754,CA7
10755,CLK1
10756,AP4E1
10757,EPS15L1
10758,IGKV1-17
10759,RBM25
10760,CYTH4
10761,CARNS1
10762,CHPF
10763,H2AC25
10764,UNC5D
10765,ZBTB10
10766,SGCG
10767,IGKV3-15
10768,GJA8
10769,SIX6OS1
10770,TBC1D4
10771,NPAS1
10772,RMND5A
10773,MOB1A
10774,SERPIND1
10775,CYP3A43
10776,NDUFA10
10777,IGLC2
10778,DONSON
10779,MUC4
10780,EEF2KMT
10781,CHKB
10782,PRDM10
10783,FCHSD1
10784,TM7SF2
10785,FXYD5
10786,CLDN20
10787,SLC26A1
10788,GPR61
10789,COX4I1
10790,SOBP
10791,WDR44
10792,SECTM1
10793,EIF3J
10794,TMED6
10795,MYG1
10796,GNPTG
10797,HAUS5
10798,KCNK6
10799,PREP
10800,DELE1
10801,TIMM8B
10802,PLEKHG4B
10803,NUMBL
10804,MRI1
10805,CXCL2
10806,ETHE1
10807,PLCH2
10808,SP4
10809,MRPL41
10810,GPD2
10811,RHOBTB1
10812,GAL3ST1
10813,NDUFB4
10814,HSD17B11
10815,ZBTB12
10816,TMEM87A
10817,CACNA1E
10818,FAR1
10819,MEIS3P2
10820,SAMD4B
10821,TRIM4
10822,CIZ1
10823,NDUFV3
10824,PHETA2
10825,ERVK-6
10826,WWC3
10827,CEP97
10828,STT3A
10829,ETFBKMT
10830,FETUB
10831,CARD18
10832,ATP5MF
10833,OSGEP
10834,SHOX
10835,HS3ST5
10836,KRT85
10837,CPNE7
10838,C1GALT1
10839,FGF14
10840,ZNF354A
10841,POLE2
10842,PEX3
10843,PEAR1
10844,SERPINB8
10845,COPS9
10846,ARFIP1
10847,DPP10
10848,KCNK10
10849,MRTFB
10850,AFG2B
10851,RIMKLA
10852,PHC3
10853,SLAIN2
10854,SULT4A1
10855,DHTKD1
10856,DYNLRB2
10857,GP9
10858,VSTM2A
10859,NDUFB7
10860,SRSF5
10861,PLPPR1
10862,MICOS10
10863,TGOLN2
10864,PPOX
10865,GPR52
10866,SEPSECS
10867,NIP7
10868,SLC25A24
10869,DENND4A
10870,ANTXR2
10871,ECHS1
10872,SAMM50
10873,MUC17
10874,ZSCAN21
10875,ERVK-25
10876,LEFTY2
10877,H3-5
10878,RGMB
10879,AMD1
10880,WDHD1
10881,TUBA3D
10882,CHST5
10883,A3GALT2
10884,MFAP3
10885,NOC3L
10886,CFHR1
10887,CYB561
10888,CENPB
10889,ZBTB37
10890,SSX1
10891,LAGE3
10892,TRARG1
10893,TACC2
10894,PPM1N
10895,SLMAP
10896,ADAMTSL4
10897,THNSL2
10898,PPP1R3D
10899,EFHB
10900,TRAPPC8
10901,FBLN2
10902,MST1
10903,C1S
10904,NAA80
10905,COPZ1
10906,ZSCAN4
10907,CPT1B
10908,DUSP8
10909,ARL5B
10910,BHLHE22
10911,TBRG1
10912,INTS9
10913,ERMP1
10914,IPO4
10915,TSPY9
10916,ADAM20
10917,GBGT1
10918,POLI
10919,HMGCLL1
10920,OXT
10921,ELAC1
10922,CST11
10923,MED19
10924,PECR
10925,STARD10
10926,ERVK-11
10927,POP5
10928,PRSS12
10929,ST8SIA3
10930,ZNF572
10931,OBI1
10932,FAM50A
10933,ZBTB45
10934,COL24A1
10935,SP8
10936,HNRNPH1
10937,OSTN
10938,CLEC12A
10939,APOLD1
10940,CMTM3
10941,TEPSIN
10942,COQ2
10943,DDX18
10944,RGS21
10945,LAP3
10946,SPIC
10947,TMEM70
10948,EEF1AKMT2
10949,NUDT6
10950,FRMD4A
10951,GREB1L
10952,DLX4
10953,APOBR
10954,CSPP1
10955,LBX2
10956,TASP1
10957,GTF3A
10958,LIPT1
10959,RPS4Y1
10960,LRIF1
10961,POLR1E
10962,GMDS
10963,IL1RAPL2
10964,CDC20B
10965,TSEN34
10966,ZNF143
10967,POMT1
10968,PDE7A
10969,UCK1
10970,KBTBD8
10971,PCYT1B
10972,BBLN
10973,QPRT
10974,KRT71
10975,ZNF473
10976,PFN3
10977,MSL3
10978,HROB
10979,EVA1A
10980,PLET1
10981,SPNS1
10982,NUDT14
10983,CPNE9
10984,FBXO44
10985,CCDC80
10986,HAGH
10987,TBC1D17
10988,ZNF592
10989,ADAM28
10990,TAGLN2
10991,AGPAT1
10992,TBC1D2
10993,GPR89B
10994,JMJD8
10995,CYB5R2
10996,ZRSR2
10997,EIF3CL
10998,MILR1
10999,GPR65
11000,TPTE
11001,TMEM65
11002,VPS8
11003,GNG5
11004,SPRR1A
11005,GZMM
11006,MAP6D1
11007,MBLAC2
11008,PLP2
11009,ZFP91
11010,LIPH
11011,JMJD4
11012,CRISP3
11013,ARMC12
11014,ALDH1L1
11015,TEKT2
11016,KIFBP
11017,IYD
11018,CD207
11019,TMEM35A
11020,H2AZ2
11021,IQSEC2
11022,RAB6D
11023,NADK2
11024,HYDIN
11025,DENR
11026,GPRASP3
11027,KNDC1
11028,CLDN15
11029,PPP1R11
11030,SLC39A2
11031,H2AC1
11032,CLDN17
11033,DNHD1
11034,ARL4D
11035,MTMR1
11036,HYLS1
11037,AFF2
11038,CYP2D7
11039,TOMM40L
11040,TFAP2E
11041,ARHGAP27
11042,OTOP1
11043,RPIA
11044,SLC52A2
11045,ZNF638
11046,MC5R
11047,TMPRSS12
11048,RNF166
11049,TMIGD2
11050,TYSND1
11051,TNFRSF13B
11052,DOK1
11053,PRX
11054,CLDN14
11055,UCMA
11056,TMEM8B
11057,SAMD14
11058,S1PR5
11059,PCDHB13
11060,TRPM1
11061,EIPR1
11062,SPATA33
11063,HOXD8
11064,GDPD1
11065,IQUB
11066,BHLHA9
11067,JHY
11068,MAN1C1
11069,CD302
11070,RASA4B
11071,MT-ATP6
11072,SLC41A2
11073,EIF5AL1
11074,CCDC68
11075,EMB
11076,ARHGAP8
11077,FAT4
11078,HES4
11079,H2AB2
11080,CGRRF1
11081,RBM42
11082,CRLS1
11083,TRIM60
11084,SCG3
11085,MGAT2
11086,GALNT13
11087,AUH
11088,CEP126
11089,IGLV1-47
11090,ZNF174
11091,DDX51
11092,PTPRG
11093,TMTC4
11094,TRMT1
11095,NUDT13
11096,FAM3B
11097,MRAS
11098,FRMD8
11099,RTTN
11100,PRXL2B
11101,PPM1L
11102,KANSL1
11103,RNF151
11104,PCDHB3
11105,PDF
11106,ERVK-18
11107,ARPC5L
11108,RFLNB
11109,VARS2
11110,STIP1
11111,ACSM5
11112,TRAPPC13
11113,ACSF2
11114,SLAMF7
11115,PSAT1
11116,NAGPA
11117,RBMY1A1
11118,UNC5A
11119,TRNP1
11120,RSPO1
11121,SHROOM1
11122,CIAO1
11123,POP4
11124,L1RE1
11125,ADAM30
11126,WDR83
11127,MSMO1
11128,HIVEP3
11129,FITM1
11130,BMP8B
11131,TRMT61A
11132,PRAMEF6
11133,LUZP1
11134,EXO5
11135,ALDH8A1
11136,PANK3
11137,CAVIN4
11138,IDS
11139,LRFN4
11140,EYS
11141,ZBTB25
11142,H2BC17
11143,MPHOSPH6
11144,NHS
11145,RRP9
11146,CLDN6
11147,LASP1
11148,POMP
11149,GTPBP10
11150,IFRD1
11151,CAPN5
11152,HNRNPH3
11153,FRY
11154,POU2AF1
11155,LIPF
11156,EPOP
11157,TSHZ1
11158,PUM3
11159,DAD1
11160,ZNF256
11161,CPSF4
11162,TMX3
11163,EXTL1
11164,LSP1
11165,PTBP3
11166,FOLH1B
11167,PIGU
11168,ZNF341
11169,ZNF480
11170,CYP4Z1
11171,CPA3
11172,PCDHB14
11173,SPRR1B
11174,POLR2J
11175,GFM1
11176,RUFY4
11177,TAS2R16
11178,IL17RD
11179,IFFO1
11180,DEUP1
11181,MOB3B
11182,MAT2B
11183,LY9
11184,PPP1R35
11185,CPD
11186,GOLIM4
11187,SLC16A9
11188,ZFP41
11189,GALT
11190,ZNF91
11191,ATAD2
11192,OSCAR
11193,TRMT2A
11194,ZNF383
11195,H2AC4
11196,REEP3
11197,TMEM115
11198,GJA3
11199,ANKRD13C
11200,ZNF501
11201,PDIK1L
11202,ARMC9
11203,COA8
11204,DOK7
11205,MALL
11206,BEND6
11207,MEIKIN
11208,C8B
11209,TUNAR
11210,FAM3C
11211,MTBP
11212,EHF
11213,KRT37
11214,RAD21L1
11215,PAQR3
11216,TDRD5
11217,GSDMB
11218,CNN1
11219,SOCS4
11220,SGTB
11221,PPP4R4
11222,CDCA7L
11223,CYP4F22
11224,ARHGAP19
11225,UBOX5
11226,C1QL4
11227,PYCR1
11228,NOMO3
11229,SCO1
11230,DNAJB8
11231,A0A1B0GTQ1
11232,HGFAC
11233,GPRC5D
11234,AMPD2
11235,HSF2BP
11236,CORT
11237,RBAK
11238,FRAT1
11239,RNF148
11240,AFTPH
11241,FHL3
11242,PHF12
11243,CHST9
11244,ZNF322
11245,ZDHHC19
11246,ATP5PD
11247,CCDC92
11248,BCKDHA
11249,ST3GAL6
11250,KLHL7
11251,SLC16A6
11252,PIH1D2
11253,USP17L5
11254,FOXD4L4
11255,ZDHHC13
11256,ATP6V1G3
11257,MT1HL1
11258,H2AC6
11259,EMC6
11260,PAEP
11261,TMEM120A
11262,UNK
11263,SIVA1
11264,MFAP1
11265,CHST8
11266,GMPS
11267,AGBL2
11268,PZP
11269,HOMEZ
11270,ANO7
11271,ADAMTS10
11272,PPT2
11273,PRSS55
11274,KRT38
11275,TMPRSS3
11276,PCBP4
11277,B3GALT6
11278,TNNI1
11279,KPNA5
11280,NDUFAF4
11281,TRAPPC14
11282,IRF2BP1
11283,ZNF641
11284,TSFM
11285,HS3ST3B1
11286,DNAJB12
11287,FSIP2
11288,PFKFB4
11289,NDUFA3
11290,FBXO27
11291,HEPH
11292,CNIH1
11293,RIPPLY3
11294,NEXMIF
11295,RNF123
11296,LVRN
11297,H2BC5
11298,BOC
11299,CDK18
11300,RABGGTA
11301,OTUB2
11302,PTP4A2
11303,MTX1
11304,MIEN1
11305,ADAM22
11306,BBOX1
11307,ANAPC13
11308,NKTR
11309,ZNF436
11310,MUC5AC
11311,MZF1
11312,ZNF318
11313,POLR1D
11314,MLLT10
11315,SMU1
11316,IGKV1D-12
11317,LY6D
11318,PNPO
11319,WDR54
11320,MUSTN1
11321,ALDH6A1
11322,IGLV2-14
11323,FCGR1BP
11324,OXER1
11325,RNF38
11326,ATP5MG
11327,WBP4
11328,SYNGR3
11329,HMBS
11330,PLEKHJ1
11331,CBX7
11332,CCDC3
11333,TCL1A
11334,BANP
11335,NDUFB1
11336,ZNF554
11337,LRRC19
11338,MAP3K6
11339,NOP9
11340,SPRR2E
11341,NOA1
11342,MRPS31
11343,CARD17P
11344,ZBTB2
11345,DEGS2
11346,ATP5F1EP2
11347,MSMP
11348,CENATAC
11349,UPP2
11350,PRND
11351,VAT1
11352,POLN
11353,HNRNPUL1
11354,DDX27
11355,KRT78
11356,RGS18
11357,SKAP2
11358,SIT1
11359,TRAM1
11360,CMAHP
11361,RFX4
11362,CCNJL
11363,THOP1
11364,CA12
11365,KCNS3
11366,TNFRSF12A
11367,TACO1
11368,EBNA1BP2
11369,ZNF22
11370,IGKV4-1
11371,ARSG
11372,CLEC10A
11373,XPNPEP3
11374,ESX1
11375,GJD2
11376,MRPS23
11377,POLR2C
11378,TEF
11379,RAPGEF5
11380,SYNPO2L
11381,GNG8
11382,NEFM
11383,PNPLA5
11384,FBXO17
11385,IHO1
11386,FCGRT
11387,BCL2L13
11388,FXYD6
11389,LHFPL5
11390,ACSM4
11391,MAD2L1BP
11392,HPSE2
11393,GSKIP
11394,TNPO3
11395,GPR35
11396,SPTSSA
11397,OSBPL9
11398,LPP
11399,RTP4
11400,ADGRE1
11401,MRPL43
11402,ZNF76
11403,KRT3
11404,PELI3
11405,RCL1
11406,ARHGEF4
11407,LARS2
11408,DNAJC24
11409,SUMF1
11410,SYS1
11411,SLC5A12
11412,MED9
11413,RRBP1
11414,IGSF21
11415,PPM1H
11416,AADAC
11417,C17orf99
11418,ATXN2L
11419,RABGGTB
11420,RPP21
11421,GTSE1
11422,RAMAC
11423,USP17L3
11424,RASSF9
11425,PRSS8
11426,AFP
11427,PON2
11428,MT-CO3
11429,GALNT7
11430,SPICE1
11431,NUP210
11432,ENOX1
11433,SPIB
11434,VPS50
11435,ETNK1
11436,ASXL3
11437,ATP5ME
11438,BMT2
11439,TAFA2
11440,INPP1
11441,ARMT1
11442,AFF4
11443,UBE4A
11444,NPRL2
11445,GHDC
11446,POU6F2
11447,BORCS8
11448,ALPI
11449,ZNF34
11450,COG6
11451,UNC5CL
11452,COX7B
11453,RALGDS
11454,ZFPL1
11455,CA3
11456,MEP1B
11457,ZNF488
11458,AFMID
11459,VILL
11460,SLC12A9
11461,RPL3L
11462,SPATA22
11463,NSUN3
11464,DDX24
11465,SPAG16
11466,FAXDC2
11467,ZNF777
11468,KRT26
11469,MFNG
11470,ANGEL1
11471,CNOT10
11472,SLTM
11473,TRIM43
11474,LARGE2
11475,PRSS42P
11476,KIF6
11477,SQOR
11478,PKHD1L1
11479,ZNF503
11480,ZNF330
11481,C1QL3
11482,METTL17
11483,TRIML2
11484,TTC36
11485,MMAA
11486,TRDMT1
11487,TMC2
11488,CACFD1
11489,APOF
11490,WDR18
11491,TSPOAP1
11492,COX7A2
11493,AP4S1
11494,ICMT
11495,ADIG
11496,COL4A4
11497,ISCA2
11498,CFAP54
11499,TAFA5
11500,MANBA
11501,LRBA
11502,FCF1
11503,FOXD4L3
11504,LGALS9B
11505,ECM2
11506,RABGAP1L
11507,RBP5
11508,ABTB1
11509,GPR55
11510,C7
11511,ZBTB39
11512,GCDH
11513,TFG
11514,CRELD1
11515,LGALS9C
11516,HPS3
11517,TMEFF2
11518,MOGS
11519,TNFRSF25
11520,CAMK2N1
11521,SERPINB2
11522,RMND5B
11523,BLVRA
11524,GJA10
11525,GSDMC
11526,INTS6
11527,DDX52
11528,MOB4
11529,SCN4A
11530,CLCA3P
11531,FMOD
11532,CAVIN2
11533,TAS1R2
11534,EBF4
11535,NDST3
11536,HTD2
11537,TREX2
11538,BRMS1L
11539,SGCE
11540,HIBADH
11541,TBC1D30
11542,MAFK
11543,DNAJC11
11544,NBEAL2
11545,SLC37A4
11546,BFSP1
11547,PEG3
11548,DNAJB13
11549,CLVS1
11550,TTC19
11551,RPS27AP5
11552,C19orf12
11553,CD96
11554,CINP
11555,WDR3
11556,SNX8
11557,DSC1
11558,CIPC
11559,AGPAT4
11560,BEST2
11561,U2AF1L4
11562,PDP1
11563,EID2B
11564,LDHD
11565,ZNF446
11566,ZNF74
11567,ACY3
11568,THTPA
11569,DNAL4
11570,KCNAB3
11571,PDE1C
11572,PKIA
11573,MAFA
11574,CKMT1A
11575,FOXD4L5
11576,SLFN13
11577,CKMT2
11578,H2AC11
11579,ACKR1
11580,CNTROB
11581,PDIA5
11582,CLEC11A
11583,ZNF3
11584,LY75
11585,SAP130
11586,ALG8
11587,DNTTIP1
11588,VKORC1L1
11589,KCNV1
11590,ARFGAP2
11591,ISCA1
11592,CFAP70
11593,TSPY10
11594,COQ8A
11595,PPP4R3A
11596,GTF3C6
11597,INIP
11598,ELMO2
11599,HSF4
11600,DET1
11601,SHQ1
11602,PCGF1
11603,BTBD18
11604,ST13
11605,NRAP
11606,BAHD1
11607,MTMR8
11608,FRMPD1
11609,CASP12
11610,B3GALT1
11611,SLC10A6
11612,OR8J2
11613,MARCHF3
11614,CFHR2
11615,KLF8
11616,AOAH
11617,CHD9
11618,ADAM18
11619,RBP2
11620,HES3
11621,PGS1
11622,EAPP
11623,ALS2CL
11624,NRF1
11625,ART4
11626,TRIM75
11627,DUOXA1
11628,CBLN2
11629,SIGIRR
11630,VPS9D1
11631,SMDT1
11632,FOXD4L1
11633,IGLV3-19
11634,TRMT6
11635,FIGNL2
11636,CNDP2
11637,CLVS2
11638,IL17RB
11639,ZDHHC23
11640,UBAC2
11641,TIFA
11642,VSX2
11643,GPX7
11644,FNTB
11645,CXXC4
11646,LPIN3
11647,ASRGL1
11648,OTOA
11649,CDK2AP2
11650,DESI2
11651,DOCK11
11652,GADD45GIP1
11653,NAALAD2
11654,SRSF4
11655,RIC8B
11656,MBLAC1
11657,TRA2A
11658,CPNE2
11659,CDK17
11660,ADHFE1
11661,PGLS
11662,SRXN1
11663,TERB1
11664,TMEM147
11665,ADAL
11666,ZNF521
11667,EPS8L3
11668,MYOM2
11669,MAB21L2
11670,MRPS9
11671,RAD54L2
11672,NAIF1
11673,PNRC2
11674,PXYLP1
11675,NHLH1
11676,GGT7
11677,GINS3
11678,SERTAD2
11679,CR1L
11680,KICS2
11681,RBMY1E
11682,PCDHB4
11683,ZNF668
11684,TARS2
11685,ZNF106
11686,MFSD2B
11687,RPAIN
11688,SETBP1
11689,PPP2R2A
11690,SPTSSB
11691,FOXD2
11692,FADS2
11693,PSMD8
11694,CDADC1
11695,TSPYL1
11696,AP5M1
11697,CTU1
11698,RNF212
11699,EGR4
11700,SPOCD1
11701,ABHD15
11702,FUNDC2
11703,PSG3
11704,ZBTB26
11705,HEPACAM
11706,SIGLEC6
11707,NIF3L1
11708,OR6B3
11709,CYP51A1
11710,CLCA4
11711,MBNL2
11712,CCL27
11713,NAA60
11714,GLRX
11715,CIAO2A
11716,IGHV3-23
11717,CAPZA3
11718,TMEM14C
11719,RABEPK
11720,ACTR10
11721,PIP4P2
11722,TBX22
11723,ZNF431
11724,RBMY1F
11725,REPIN1
11726,FABP6
11727,PPP2R5E
11728,SYN3
11729,PLEKHG4
11730,KCNH6
11731,ACBD5
11732,ZNF358
11733,LMO1
11734,PPM1K
11735,PNCK
11736,CLEC1B
11737,CTTNBP2NL
11738,CLCNKA
11739,MMP26
11740,GJC3
11741,YIPF2
11742,PLSCR4
11743,GPRC5C
11744,GRAMD4
11745,NT5C3B
11746,TOGARAM1
11747,CLPS
11748,RAD9B
11749,WDR75
11750,RTF2
11751,SLC66A1
11752,O00370
11753,DPH2
11754,CA5B
11755,P2RY13
11756,RNPEP
11757,SLC48A1
11758,FKBP7
11759,METTL8
11760,KLHL13
11761,SLC17A2
11762,OR8U1
11763,NRBF2
11764,GPR148
11765,HMGN1
11766,SLC38A6
11767,B3GNT8
11768,WASHC3
11769,EEF1B2
11770,TNRC6B
11771,DIRAS3
11772,FGF11
11773,ENOX2
11774,CELF5
11775,IL32
11776,EFNA4
11777,SFTPC
11778,LDLRAD4
11779,ABCA10
11780,MCFD2
11781,PPY
11782,CAPN7
11783,THUMPD3
11784,KRT24
11785,CCDC62
11786,CRYGD
11787,HEBP2
11788,TENT5A
11789,LHPP
11790,PABPC1L2A
11791,TOP1MT
11792,VSNL1
11793,SNX15
11794,ZNF513
11795,MRPS7
11796,SDK1
11797,ASZ1
11798,AEBP2
11799,TRIM48
11800,DDX53
11801,SP2
11802,KRT86
11803,MYCBP
11804,TMEM237
11805,FAT2
11806,FHOD3
11807,C1QL2
11808,MRPL32
11809,USB1
11810,MTERF3
11811,SLC22A17
11812,ARK2N
11813,NPBWR2
11814,RAB19
11815,UGT1A6
11816,KDSR
11817,GNG4
11818,PMPCA
11819,PELI2
11820,PLA2G12A
11821,ZNF232
11822,FNDC5
11823,OR5B12
11824,H2BC18
11825,RTP1
11826,ZMAT2
11827,SCARA5
11828,MRPL42
11829,GRK1
11830,PTH2R
11831,CFAP418
11832,IPCEF1
11833,PIGV
11834,SPOPL
11835,NECTIN4
11836,MRPL15
11837,GINS2
11838,ZBTB21
11839,SLC9B1
11840,PALM3
11841,OR10J1
11842,RPS19BP1
11843,CACNA1I
11844,SMG9
11845,ZFAND1
11846,UEVLD
11847,CA13
11848,COL9A3
11849,STK33
11850,IGLV3-25
11851,KRT73
11852,CRYL1
11853,MRPL23
11854,HOXA4
11855,GALP
11856,ZSCAN26
11857,MS4A2
11858,SLCO1B7
11859,ARID3C
11860,ZC3H15
11861,TNIP3
11862,LRIG1
11863,GZF1
11864,SPR
11865,ACSS3
11866,CCDC38
11867,KAZALD1
11868,RBMY1D
11869,KCNF1
11870,HSD17B13
11871,TXNL4B
11872,GTF2H2C
11873,ZCRB1
11874,OCSTAMP
11875,TRIM10
11876,MYMX
11877,CABS1
11878,ZNF438
11879,LMAN1L
11880,FIBP
11881,ERH
11882,SURF1
11883,CDC123
11884,POGLUT2
11885,HSPB8
11886,GTF3C2
11887,SERGEF
11888,ZBTB40
11889,IGHV3-7
11890,TNFRSF9
11891,RFX1
11892,TNRC6C
11893,MRPL9
11894,ZSCAN10
11895,ANXA8L1
11896,ACRBP
11897,UTP14C
11898,ASB1
11899,FOXQ1
11900,PUS3
11901,ALPP
11902,KLHL14
11903,PRAM1
11904,QRSL1
11905,PLAAT5
11906,GSTT1
11907,PACS1
11908,ADAMTS18
11909,DNALI1
11910,TLCD3B
11911,EBAG9
11912,BICDL1
11913,IL22RA1
11914,ZNF609
11915,FOXD4L6
11916,NAGS
11917,PSG4
11918,KRT6C
11919,NOL7
11920,STMN4
11921,FYB2
11922,TMEM232
11923,STAC2
11924,S100G
11925,HCAR2
11926,DNTTIP2
11927,YJU2
11928,ZNF536
11929,MSL2
11930,PPIC
11931,ZC3H12D
11932,RPN2
11933,SRP72
11934,CCDC91
11935,USP17L1
11936,CARS1
11937,SLC39A11
11938,VSIG4
11939,PMCHL1
11940,ZNF764
11941,HACD2
11942,KCNN3
11943,DBX1
11944,PPP2R2B
11945,IL22
11946,TARS1
11947,KCMF1
11948,TPD52
11949,MTUS2
11950,OR8K5
11951,GK3
11952,P3H3
11953,NXF2
11954,ZNF502
11955,ODAD1
11956,LRP3
11957,TRIM7
11958,RNF103
11959,RFLNA
11960,LILRA3
11961,CPA2
11962,MAST4
11963,CTTNBP2
11964,LILRB3
11965,WDR26
11966,RSL24D1
11967,PLA2G12B
11968,GPR157
11969,RPL36AL
11970,CSN2
11971,DNASE2
11972,OR11L1
11973,C1QTNF4
11974,ORMDL2
11975,GPR32P1
11976,ZNF692
11977,CA1
11978,SLC66A2
11979,SUMO1P1
11980,ZNF346
11981,AHNAK2
11982,DNASE1L1
11983,DBP
11984,A4GALT
11985,KLHL15
11986,OSGIN1
11987,GYS2
11988,MMP27
11989,ZNF135
11990,IGFALS
11991,CCNYL1
11992,PPP4R1
11993,SLC39A1
11994,ZNF420
11995,EDC4
11996,NAP1L4
11997,ADGB
11998,STH
11999,PTPN9
12000,TSSK3
12001,IGLV3-27
12002,DTX2
12003,FCSK
12004,CFAP36
12005,PAX4
12006,SYTL5
12007,PAQR8
12008,UBE2L5
12009,SNAPC2
12010,QSOX2
12011,SPCS3
12012,DCAF8
12013,SYNRG
12014,FBXL21P
12015,UBE2QL1
12016,SGPP2
12017,KCNQ4
12018,MEI4
12019,TIMM8A
12020,UBE2G1
12021,IGLV1-40
12022,LYPLAL1
12023,SPTLC3
12024,CTIF
12025,LGALS2
12026,IGLV1-51
12027,MT4
12028,RPL7L1
12029,MCUB
12030,VGLL4
12031,ZNF134
12032,GPR33
12033,PSG7
12034,AMY2A
12035,SRPRB
12036,SCRT2
12037,STK32A
12038,INTS2
12039,ZNF260
12040,FAM110A
12041,HSFY1
12042,ZNF296
12043,MYL1
12044,DLGAP2
12045,PSPN
12046,BSND
12047,BNIPL
12048,ACP2
12049,RSU1
12050,HIVEP2
12051,NXF3
12052,RASEF
12053,MEIG1
12054,OR8J3
12055,NFE4
12056,YIPF4
12057,SERPINB7
12058,RGR
12059,TMEM30B
12060,MFSD1
12061,CEP72
12062,ADIRF
12063,ZNF658
12064,MYORG
12065,PCARE
12066,HSPA4L
12067,GNL1
12068,MOXD2P
12069,TMEM216
12070,TNFAIP2
12071,MPZ
12072,DRC7
12073,OR5M9
12074,CYP4B1
12075,VARS1
12076,MINDY1
12077,ZCCHC4
12078,DOCK9
12079,SMIM22
12080,PRM3
12081,NOB1
12082,USP24
12083,OR8B4
12084,DHX32
12085,KCNS2
12086,TMPRSS11D
12087,FOXI2
12088,PAH
12089,GLMP
12090,OR8B12
12091,CILP
12092,SMYD4
12093,ELP6
12094,WDR36
12095,RASGEF1B
12096,OR5T3
12097,DNAJC21
12098,OR9Q1
12099,PTPRE
12100,TARM1
12101,ZFR
12102,CPO
12103,CDIPT
12104,TOMM22
12105,IRX6
12106,PABPC1L
12107,IBTK
12108,LTV1
12109,CLYBL
12110,CARD19
12111,PANX3
12112,ACOXL
12113,SLC14A1
12114,GMPR2
12115,GPR17
12116,HGD
12117,SNRK
12118,ZFAT
12119,FBLN7
12120,HERC6
12121,DIDO1
12122,MRPS18B
12123,REG1B
12124,ZBTB5
12125,ZNF649
12126,ASB15
12127,MYBPH
12128,TBC1D31
12129,CGN
12130,GPHB5
12131,TUBAL3
12132,IGSF8
12133,SLC25A47
12134,PCP4
12135,RDM1
12136,VIPR2
12137,TNFSF15
12138,NSUN4
12139,RTCA
12140,TSNARE1
12141,GALNT15
12142,ARHGEF9
12143,CNDP1
12144,RABGAP1
12145,DENND5A
12146,DIO1
12147,TAS2R4
12148,KLF14
12149,OR5D16
12150,HEMK1
12151,UBE2H
12152,ONECUT3
12153,AQP7P3
12154,UBXN7
12155,SIAE
12156,KCTD21
12157,TUBA4B
12158,SLC46A3
12159,RALY
12160,PDHX
12161,SLC16A5
12162,TIMM22
12163,TP53TG5
12164,TRIT1
12165,RTBDN
12166,SFT2D2
12167,LCTL
12168,SAP30BP
12169,CGB7
12170,PHF7
12171,TIMM17A
12172,TEX2
12173,CA6
12174,CHST14
12175,ADCK2
12176,SH2D3C
12177,FOXN2
12178,CHST13
12179,CTDSPL2
12180,TBX10
12181,ATL2
12182,MAMLD1
12183,SDHAF4
12184,UBASH3A
12185,SUCO
12186,LYSET
12187,ATRIP
12188,EIF3M
12189,KCNA10
12190,OR8H1
12191,CENPP
12192,NOC4L
12193,TMX2
12194,SLC12A8
12195,OTUD6A
12196,TRMT2B
12197,B9D2
12198,MAGEF1
12199,KBTBD7
12200,OR5I1
12201,THSD4
12202,KANSL2
12203,SNRNP35
12204,TRAPPC3L
12205,GPR21
12206,LGALS7
12207,MSH5
12208,GNG2
12209,ZFP69B
12210,H2AC7
12211,ZNF10
12212,CES2
12213,ZNF141
12214,PDP2
12215,TCF20
12216,PSAPL1
12217,MRTO4
12218,OR8B8
12219,ABCA9
12220,CDCA7
12221,OR5B17
12222,ST8SIA5
12223,DPT
12224,NDRG3
12225,OR5AR1
12226,MYBPC2
12227,DOK3
12228,UBN1
12229,ACAP2
12230,SGSM1
12231,GTPBP2
12232,PWWP2B
12233,PCDHB11
12234,OR5T2
12235,MTRFR
12236,PCMT1
12237,RTN4IP1
12238,MRPL39
12239,PDAP1
12240,PIGK
12241,IKZF5
12242,LYRM7
12243,PDCD11
12244,SCUBE2
12245,ZNF287
12246,CLCNKB
12247,AIDA
12248,ZC3H3
12249,PCDHB2
12250,CLMN
12251,DHRS11
12252,TAFA1
12253,STRIP1
12254,QTRT1
12255,TNMD
12256,DMTF1
12257,COQ9
12258,NDUFA11
12259,TAC4
12260,AKAP10
12261,OR5L2
12262,KHDRBS3
12263,JRK
12264,PLCL1
12265,GON7
12266,LUC7L
12267,BAP18
12268,ARL5C
12269,LRP10
12270,LYZL4
12271,OR2C1
12272,TXLNA
12273,EIF4EBP3
12274,NELFCD
12275,SPESP1
12276,MACC1
12277,MSL1
12278,PNPLA6
12279,RASA3
12280,RASSF10
12281,BTN1A1
12282,TMEM182
12283,MACROD1
12284,CFD
12285,PURG
12286,B3GNT4
12287,ZNF670
12288,OR8U3
12289,TNFRSF10D
12290,MPZL1
12291,EID1
12292,MBD6
12293,AIRIM
12294,TRMT9B
12295,COX6B1
12296,DDIAS
12297,CHRDL2
12298,TPST1
12299,RAB36
12300,IGLV1-44
12301,VMA21
12302,STIMATE
12303,GIMAP7
12304,NDUFA1
12305,PCMTD1
12306,MOCS2
12307,OR9I1
12308,KLF16
12309,C17orf75
12310,PCDHB16
12311,TSPAN18
12312,WDR91
12313,PMPCB
12314,TPSAB1
12315,TTC4
12316,ZBTB8OS
12317,NCR3
12318,MINAR2
12319,EFS
12320,DMAC2L
12321,RFXAP
12322,IGLV7-43
12323,ZNF800
12324,OR8H2
12325,UGT1A5
12326,UFC1
12327,ERMAP
12328,ITGB1BP2
12329,ST6GALNAC4
12330,CLEC17A
12331,OR5D3P
12332,FBXL22
12333,CBARP
12334,GZMH
12335,MRPS12
12336,OR9G4
12337,SP9
12338,TAMM41
12339,IGLL1
12340,PSMB11
12341,ADGRD1
12342,HDAC11
12343,ZNF789
12344,STXBP6
12345,UGT2B28
12346,KRT81
12347,FBXO43
12348,ZNF70
12349,SFXN2
12350,CCPG1
12351,MOB3C
12352,HES2
12353,LIPT2
12354,DCBLD2
12355,PLEKHG3
12356,TSHZ2
12357,ELOA
12358,TPMT
12359,FAM89B
12360,SLC45A1
12361,TOX4
12362,DSC3
12363,DLK1
12364,CNOT11
12365,TMSB4Y
12366,CD276
12367,EXOC3L1
12368,ATP6V1E2
12369,PRCD
12370,OR5AK2
12371,IGKV1-16
12372,OTUD6B
12373,CPLX4
12374,RGS22
12375,TIMM21
12376,S100A7A
12377,CATSPERD
12378,PPTC7
12379,LSS
12380,OR5M10
12381,SPIN2B
12382,SLC13A1
12383,MROH2B
12384,CKM
12385,CARNMT1
12386,GBP6
12387,MINDY3
12388,SPATC1L
12389,MRPS18A
12390,B3GNT7
12391,METAP1D
12392,POC1A
12393,RBM45
12394,RANBP6
12395,CD99
12396,NAA38
12397,KLRB1
12398,MRPS16
12399,PAPOLB
12400,PEX5L
12401,CST4
12402,KCTD12
12403,H2AJ
12404,CGREF1
12405,PGAM4
12406,NDUFA6
12407,H2AC12
12408,PLIN1
12409,GATB
12410,CLXN
12411,NME9
12412,PDPK2P
12413,BTD
12414,CST1
12415,CFAP298
12416,LARP1B
12417,P4HA3
12418,CABLES1
12419,ZC3H18
12420,TNFRSF10C
12421,PKIB
12422,LGI4
12423,EFCAB9
12424,XPNPEP2
12425,HSD17B7
12426,FREM3
12427,KLB
12428,ANKRD13B
12429,EMC7
12430,USP17L15
12431,HFM1
12432,RBFOX3
12433,RCOR3
12434,ABHD16A
12435,ZNF740
12436,PAG1
12437,OR8B3
12438,PKIG
12439,LCE1D
12440,ANGPTL6
12441,IFITM5
12442,TTYH3
12443,CEP170
12444,OR5M1
12445,GAREM1
12446,PPP2R2D
12447,H2BC26
12448,RANBP17
12449,AMT
12450,MUC5B
12451,LNX1
12452,ZNG1E
12453,HSD3B7
12454,PODN
12455,OR8D4
12456,PCBD2
12457,NDUFA2
12458,NECAB1
12459,TYW1B
12460,GET1
12461,SLC25A37
12462,OR8G2P
12463,BCL2L14
12464,TXLNG
12465,H2AC14
12466,ALPK3
12467,IQCJ-SCHIP1
12468,UTP23
12469,RFX7
12470,SFXN4
12471,SCGB3A1
12472,OR9Q2
12473,DNAAF6
12474,USP17L10
12475,LYPD3
12476,OR5M3
12477,ZNF579
12478,SREK1
12479,RBMS2
12480,RDH13
12481,AKAP1
12482,NPTX2
12483,SLC2A11
12484,C2CD6
12485,LNX2
12486,PAX7
12487,TSPAN8
12488,CHST7
12489,IL17RE
12490,PIGA
12491,CXCL14
12492,SWSAP1
12493,CENPK
12494,SLC44A5
12495,ADGRE3
12496,SCPEP1
12497,KCNG3
12498,CCNP
12499,KLF17
12500,OR5H1
12501,TRGV9
12502,SLURP2
12503,PIGT
12504,ADAMDEC1
12505,ZAR1L
12506,PPFIBP1
12507,LHFPL2
12508,PCNP
12509,CHADL
12510,MT-ND6
12511,KY
12512,IRAK1BP1
12513,OR8A1
12514,STK11IP
12515,ANKS6
12516,GPR12
12517,S100A5
12518,PPWD1
12519,CNIH4
12520,EMC9
12521,OR8D2
12522,WDR73
12523,MAIP1
12524,SYPL1
12525,POLR1H
12526,C2orf49
12527,OR2H2
12528,AMIGO2
12529,MRPS30
12530,TMEM126A
12531,NYNRIN
12532,OR8G5
12533,CPSF1
12534,HMGCS1
12535,JPT2
12536,DDX59
12537,ARL6IP4
12538,KCNG2
12539,SRSF11
12540,THAP9
12541,USP17L19
12542,LEMD3
12543,ZNF449
12544,TSEN54
12545,ARL14EP
12546,POPDC2
12547,TMEM86B
12548,PEX11G
12549,TMEM25
12550,RFT1
12551,LIPI
12552,OR5M8
12553,INHBC
12554,TMEM88
12555,MYH7B
12556,TPD52L1
12557,UBE2R2
12558,KRT80
12559,SIGLEC9
12560,GPHA2
12561,OR7D2
12562,ASTN1
12563,ASB4
12564,EPB41L1
12565,MT-ATP8
12566,DDX60L
12567,H2AC21
12568,CDC40
12569,SLC16A11
12570,TMEM196
12571,PCDHB10
12572,CYB561D1
12573,DEFB104A
12574,ATOX1
12575,SH3GLB2
12576,HTRA4
12577,GLIPR1L1
12578,PLEKHM2
12579,AGBL1
12580,KIAA0319L
12581,TRMT12
12582,DDHD1
12583,ZNF177
12584,ARL5A
12585,KRT33A
12586,PHKA2
12587,TIGIT
12588,OR5AK3P
12589,RPE
12590,SH3D19
12591,SH3BGRL3
12592,PAX1
12593,SMAP1
12594,MRPL49
12595,VPS35L
12596,HUNK
12597,OR5L1
12598,CYLC1
12599,FOXR2
12600,SDC3
12601,OMD
12602,CSRNP2
12603,PTPDC1
12604,COX6A1
12605,PRPF39
12606,ZDHHC24
12607,GYPA
12608,OLFM3
12609,KCNJ6
12610,KCNG4
12611,RANBP3L
12612,GADL1
12613,CDY1
12614,GPR32
12615,RSAD1
12616,FCRL4
12617,HIGD1A
12618,DNAJB14
12619,RGS13
12620,ZBTB24
12621,IGKV5-2
12622,ANKRD13A
12623,PFDN1
12624,MYCL
12625,DIPK2A
12626,KCNT2
12627,MRPL51
12628,GCSAM
12629,MOGAT3
12630,LRP1B
12631,FLVCR2
12632,ODF2L
12633,ART3
12634,SH2D2A
12635,DNAH12
12636,OR8G3P
12637,CMTR1
12638,GPSM3
12639,CLEC2D
12640,ZNF114
12641,CCNG2
12642,ANGPTL7
12643,DHX57
12644,ZNF784
12645,TAS2R5
12646,FOXB2
12647,NOXA1
12648,OCIAD2
12649,IGKV1D-39
12650,HSFX1
12651,ZNF711
12652,SARS2
12653,ATAD3B
12654,ZNF568
12655,KCNMB3
12656,PIRT
12657,ALG12
12658,LXN
12659,USP17L22
12660,KRT72
12661,PRUNE2
12662,ZNF687
12663,PLSCR2
12664,IGLV2-11
12665,NHLRC3
12666,GLP2R
12667,ARSL
12668,TAS1R1
12669,MARCHF9
12670,ELFN1
12671,HNRNPDL
12672,RGL2
12673,ACTR3B
12674,ADAM7
12675,MRPL36
12676,LEUTX
12677,TRIM49
12678,MPP4
12679,OR8B2
12680,TRGC1
12681,CIART
12682,UBAP2
12683,NRN1L
12684,OR5M11
12685,OR5AS1
12686,THRSP
12687,SNRNP48
12688,QRICH2
12689,SULT1C2
12690,MAK16
12691,HMG20A
12692,AFAP1
12693,OR5F1
12694,TTC17
12695,SLC9C2
12696,LSAMP
12697,COPRS
12698,CCDC120
12699,BRS3
12700,PPIL3
12701,KCNJ18
12702,FKBP15
12703,DSG3
12704,SERPINA6
12705,FAAP100
12706,ATP5MGL
12707,TMEM63B
12708,FIBIN
12709,TMEM127
12710,HNRNPR
12711,IL13RA1
12712,IFT70B
12713,NDUFAF7
12714,PPP1R3F
12715,SYNGR2
12716,KLK13
12717,TOMM20L
12718,MAGEE1
12719,DCAF17
12720,CREBRF
12721,SPINK2
12722,TAFA3
12723,BORCS7
12724,RBP7
12725,OR5K2
12726,RCC1L
12727,DSG4
12728,HS2ST1
12729,OR5T1
12730,DEFB133
12731,GJE1
12732,TRGV3
12733,PBLD
12734,RHOXF2
12735,ST6GAL2
12736,GPR83
12737,USP17L18
12738,PAFAH2
12739,SIRPB1
12740,IGLV2-23
12741,GPR107
12742,DCUN1D2
12743,CD300LG
12744,IGLV6-57
12745,MRPL37
12746,ZDHHC14
12747,TRPV3
12748,SLC25A44
12749,MAN2C1
12750,SIGLEC16
12751,CYSLTR2
12752,KRT79
12753,HPR
12754,CFAP47
12755,ZNF470
12756,FBXO31
12757,ZCCHC13
12758,TAF1A
12759,ARHGEF10L
12760,UFSP2
12761,PTGER1
12762,ACAT2
12763,AACS
12764,CYB5D2
12765,PLPP5
12766,OR5B21
12767,USP17L20
12768,TGM5
12769,MARVELD1
12770,PTGR3
12771,ASMTL
12772,ZC3H10
12773,TRMT1L
12774,TCTN2
12775,OR5B2
12776,IQCA1
12777,FUBP1
12778,OR5D14
12779,OXSM
12780,CNST
12781,ZNF136
12782,MRGPRX1
12783,SHC3
12784,POLD4
12785,OR5AL1
12786,SIGLEC5
12787,OR8U8
12788,GPR6
12789,NUPR2
12790,HABP2
12791,ZSCAN2
12792,WDR83OS
12793,MPND
12794,MRM3
12795,MARCHF6-DT
12796,IGLV3-1
12797,OR8J1
12798,PPP1R3E
12799,IBA57
12800,ATAD2B
12801,TJAP1
12802,SERPINB10
12803,NRG2
12804,GNL2
12805,USP17L12
12806,OR6B2
12807,SERPINB4
12808,DOP1A
12809,MIDEAS
12810,NPFFR1
12811,PSCA
12812,KCNH7
12813,MEPE
12814,SPCS1
12815,HMGN3
12816,CSN1S1
12817,LRRC10
12818,PYY
12819,GPR151
12820,USP17L21
12821,FEM1C
12822,RANBP3
12823,PWWP2A
12824,GRAMD2A
12825,COL22A1
12826,NUP50
12827,ASB3
12828,RLF
12829,DNLZ
12830,KCNJ1
12831,RLN2
12832,PROX2
12833,PSG1
12834,NT5C1B
12835,MAP3K21
12836,KDM4F
12837,RSRC1
12838,ADAM32
12839,CATSPERZ
12840,ARL14
12841,ART1
12842,SIGLEC8
12843,SLC37A2
12844,GABPB1
12845,SHISA5
12846,MMD2
12847,NADSYN1
12848,OR14I1
12849,PLCXD3
12850,CPN2
12851,PIGH
12852,CYREN
12853,INTS4
12854,DNAJC27
12855,COX8A
12856,MYNN
12857,DOK5
12858,FBXL14
12859,CHSY3
12860,PRG4
12861,TPST2
12862,KHDC4
12863,SALL2
12864,TEKT1
12865,TBCCD1
12866,MAML3
12867,TMSB15C
12868,SNRNP25
12869,PCGF6
12870,RASGEF1A
12871,ZNF587
12872,MLLT1
12873,WDR76
12874,GAN
12875,ZNF628
12876,CGNL1
12877,TRAV19
12878,RNF130
12879,APOL5
12880,FBXL4
12881,MOSMO
12882,RAB1C
12883,RP9
12884,ZXDC
12885,TXNDC9
12886,A4GNT
12887,SYDE2
12888,PDRG1
12889,TAF7L
12890,LRRC38
12891,MRPL45
12892,TAS2R43
12893,TLX1
12894,TCHH
12895,KCNK16
12896,ZNF398
12897,GPR108
12898,KGD4
12899,PCDHB5
12900,ICOS
12901,ALG3
12902,PRRC2C
12903,POU5F1B
12904,PARPBP
12905,EVC2
12906,SLC2A4RG
12907,CLCN1
12908,USP17L13
12909,MN1
12910,MUC13
12911,PNO1
12912,ZNF396
12913,MKX
12914,PEAK3
12915,CSRNP3
12916,CD5
12917,ARHGAP31
12918,TMEM74
12919,PPRC1
12920,MGAT5B
12921,ZC3H12C
12922,RXYLT1
12923,OR8D1
12924,SLC2A7
12925,RAX2
12926,TMEM161A
12927,ZFP64
12928,FOXP4
12929,LACTB
12930,SLC25A21
12931,CCDC117
12932,FCRL6
12933,UBXN4
12934,RRP12
12935,GFRA2
12936,GSC2
12937,RTP5
12938,GSTA2
12939,GSTT2B
12940,PPP1R7
12941,GALNT5
12942,MATK
12943,ZIC5
12944,BTN3A1
12945,UQCRB
12946,ZBTB22
12947,SPATA18
12948,EIF1AD
12949,ACOT9
12950,ALG5
12951,SFTA3
12952,USP17L11
12953,TYW5
12954,TTLL2
12955,NDUFA5
12956,SLFN12
12957,CDKL4
12958,DOK4
12959,THEMIS2
12960,L3MBTL2
12961,MRPL35
12962,IFIT3
12963,ZSCAN1
12964,ARL11
12965,EDIL3
12966,ABTB3
12967,NCOA7
12968,RALGPS1
12969,GOLGA1
12970,GMPR
12971,MRPL54
12972,SDK2
12973,RRP1
12974,CCNDBP1
12975,ZNF496
12976,REEP5
12977,AMPD1
12978,KCTD8
12979,MRPL2
12980,NOL11
12981,HEXD
12982,DRAM1
12983,IGLV2-8
12984,COL26A1
12985,CARF
12986,IL21R
12987,BORCS6
12988,PABPC4L
12989,GK5
12990,FGFBP3
12991,VWA2
12992,CCZ1
12993,ZNF251
12994,NLRP4
12995,CCDC87
12996,ELF5
12997,NDUFB10
12998,EIF4B
12999,HYCC1
13000,ANKS1A
13001,TAC3
13002,PLA1A
13003,SNX32
13004,MRPL57
13005,CGGBP1
13006,EDC3
13007,SVOP
13008,OR8K1
13009,KCNJ14
13010,UBL7
13011,OR5B3
13012,MEX3D
13013,OR5D13
13014,OR5D18
13015,RSPO4
13016,GNRH2
13017,USP17L17
13018,PSG6
13019,SNX20
13020,ZNF8
13021,SCAMP3
13022,C1GALT1C1
13023,SEC31B
13024,GPR50
13025,IL31
13026,FASTKD1
13027,NCR1
13028,CLPSL2
13029,TNS3
13030,ZNF354B
13031,ENOSF1
13032,CCT6B
13033,DMXL2
13034,NTAN1
13035,ADISSP
13036,EBF1
13037,NTSR2
13038,ZNG1A
13039,TEKT4
13040,PRRC2A
13041,PRSS41
13042,INTS12
13043,MIA2
13044,CST2
13045,ZNF334
13046,COX5A
13047,RASA2
13048,CEP57L1
13049,ZNF550
13050,TMBIM4
13051,NKX2-4
13052,DPP6
13053,SENP7
13054,MTRES1
13055,CD69
13056,STK32C
13057,ERLEC1
13058,ZPBP
13059,DZIP3
13060,DKK4
13061,CATIP
13062,HACD4
13063,GRINA
13064,H2BW1
13065,ZBTB8A
13066,USP53
13067,FBXO21
13068,TBL1Y
13069,TRIM49C
13070,NFXL1
13071,ARHGAP25
13072,PAK1IP1
13073,KCNK18
13074,ZNF512B
13075,H2AC18
13076,SYTL3
13077,BCL6B
13078,TOR4A
13079,MLXIP
13080,STOX2
13081,RLIG1
13082,ADAM29
13083,ZNF236
13084,AVEN
13085,SLC7A13
13086,TIMM17B
13087,VCX
13088,MRPS6
13089,TRIM67
13090,ARHGEF40
13091,PNMT
13092,ZFP90
13093,SLC16A8
13094,PCDHB9
13095,TGM4
13096,PRSS56
13097,NAA30
13098,OR8K3
13099,RNFT1
13100,LZTR1
13101,EMC3
13102,EIF1B
13103,CPA1
13104,SPP2
13105,GRID2IP
13106,TCTN3
13107,TRMT5
13108,RNF157
13109,TMEM201
13110,OR8I2
13111,PIGY
13112,MTX3
13113,SERF1A
13114,LY6E
13115,ALG13
13116,ARSK
13117,ZNF467
13118,TPRA1
13119,UPK1A
13120,MRPL27
13121,SLC25A41
13122,PWWP3A
13123,CTNNAL1
13124,NRSN1
13125,TREH
13126,PARP12
13127,CYP4F8
13128,DAPP1
13129,ADGRL2
13130,TSPAN12
13131,TPH2
13132,VPS45
13133,SH2D1B
13134,PPP1R1C
13135,PANK4
13136,KRT39
13137,ADAMTSL5
13138,RPL26L1
13139,RARRES1
13140,ZNF778
13141,MRPL19
13142,HYAL4
13143,TMTC3
13144,RAB11FIP1
13145,GALNT16
13146,KISS1R
13147,FEZ2
13148,SLC35A5
13149,PITRM1
13150,ADAMTSL2
13151,GTPBP3
13152,INF2
13153,CCDC51
13154,SLC52A1
13155,TCF24
13156,ZFP57
13157,PIGB
13158,EXPH5
13159,C11orf54
13160,RPAP1
13161,NRIP2
13162,ZBED2
13163,MTERF2
13164,RTP2
13165,FBXW4
13166,MRPL1
13167,IGKV1D-16
13168,IL17B
13169,FRMD4B
13170,CUZD1
13171,STRIT1
13172,FOXL3
13173,CNTD1
13174,STEAP1
13175,MRPL46
13176,HSP90B2P
13177,CFAP157
13178,WSB1
13179,ZNF263
13180,RMDN1
13181,NPAS3
13182,OR5AP2
13183,MOBP
13184,OR6K6
13185,BLTP3B
13186,OR6B1
13187,MIGA2
13188,MRM1
13189,GALNT18
13190,DACH2
13191,THSD7A
13192,MYMK
13193,YY2
13194,EMC4
13195,CMTM7
13196,ZSCAN5B
13197,SLC2A12
13198,MRPL4
13199,OR5H2
13200,DCUN1D4
13201,OR10K1
13202,HARBI1
13203,UQCR10
13204,CRISP1
13205,BPIFA2
13206,RBMY1C
13207,ALG10
13208,MAML2
13209,ZFP69
13210,TPRX1
13211,ZNF511
13212,OR6K2
13213,MMAB
13214,RPF1
13215,LRRTM3
13216,CEACAM4
13217,TNFAIP8
13218,PIGP
13219,OR4E2
13220,MFAP5
13221,CIROP
13222,PACC1
13223,GOLM1
13224,ADAMTS14
13225,ANKIB1
13226,ZNF239
13227,HS3ST3A1
13228,HCST
13229,DUXA
13230,ZNF20
13231,NCF1C
13232,EPYC
13233,SEBOX
13234,UTP14A
13235,FMNL2
13236,ASCL4
13237,MIGA1
13238,KCTD1
13239,MTO1
13240,VSTM5
13241,HHLA2
13242,PPP6R3
13243,DDX10
13244,OR5H6
13245,NANOGP8
13246,DOLK
13247,MPI
13248,RNF182
13249,OR10T2
13250,ZBTB43
13251,ARHGAP42
13252,ELOA2
13253,RAPGEFL1
13254,NEMP1
13255,SFT2D1
13256,ZBTB8B
13257,ZNF564
13258,MEX3B
13259,RALGAPA1
13260,RPAP3
13261,RPUSD2
13262,DEFB136
13263,MRPS11
13264,GFM2
13265,ORAI2
13266,PWP2
13267,AMY1C
13268,FANCF
13269,ISYNA1
13270,SLC30A6
13271,WDR13
13272,PPP6R2
13273,NTN3
13274,ADAT3
13275,ZC3H7B
13276,ZBTB7C
13277,PSMD5
13278,ZNF705A
13279,ZNF623
13280,TXNDC17
13281,H2AC20
13282,PAQR7
13283,NAXD
13284,MRPL34
13285,BTBD10
13286,S100A3
13287,ZNF165
13288,PHKA1
13289,NANP
13290,EVI2B
13291,DCLK3
13292,MBOAT4
13293,IRF2BP2
13294,RNASE1
13295,SPSB2
13296,GOLGA3
13297,CLMP
13298,MRM2
13299,RWDD1
13300,BPHL
13301,SHOC1
13302,CES3
13303,MON1B
13304,TEX261
13305,TRMT11
13306,KRT40
13307,AHCYL2
13308,KLK1
13309,PPP1R3A
13310,DEFB110
13311,SPINDOC
13312,THEM5
13313,MFSD4B
13314,OR10A4
13315,TBC1D25
13316,TTC7A
13317,ZNF430
13318,TXNDC2
13319,PRSS16
13320,TTC39B
13321,ACAD10
13322,CAB39L
13323,RADIL
13324,TBKBP1
13325,MRPS26
13326,MAGEC2
13327,GLYATL2
13328,MPV17L
13329,HRK
13330,FRS3
13331,GALK2
13332,OR51B4
13333,SLC6A16
13334,ARMC1
13335,TBC1D8B
13336,CMTR2
13337,OSTM1
13338,CA5A
13339,DCTN6
13340,ZNF248
13341,EFHD1
13342,OR10G4
13343,ELL2
13344,HACD1
13345,ADAMTS19
13346,PTBP2
13347,ZNF497
13348,SLC22A24
13349,PADI3
13350,IL3RA
13351,OR5AC2
13352,MCAT
13353,HNRNPUL2
13354,ZKSCAN5
13355,HECA
13356,POU5F2
13357,LIMD2
13358,GMPPB
13359,GPR174
13360,UBE2F
13361,FCAR
13362,SLCO1B3-SLCO1B7
13363,THADA
13364,ZDHHC11B
13365,MRPL17
13366,SHCBP1L
13367,ZNF408
13368,SC5D
13369,ZFP1
13370,PRSS23
13371,TMEM150C
13372,TRIM64
13373,MTURN
13374,RCOR2
13375,OR8G1
13376,H3Y1
13377,RBM33
13378,NCF1B
13379,G6PC3
13380,SRGAP3
13381,RNF121
13382,ALKBH6
13383,OR8U9
13384,C1RL
13385,DDI1
13386,TDRD6
13387,TRA
13388,COL21A1
13389,UNC80
13390,CARS2
13391,TAS2R13
13392,BPNT1
13393,ABCC12
13394,CHDH
13395,SNRNP27
13396,ANHX
13397,NDUFC1
13398,SLC22A9
13399,GALNT14
13400,RTP3
13401,ZNF599
13402,PVALB
13403,GPN1
13404,MON1A
13405,MPV17L2
13406,CCDC6
13407,ETV3L
13408,CNKSR3
13409,PXMP2
13410,KHNYN
13411,TMEM50A
13412,GLIPR2
13413,DMWD
13414,PRMT9
13415,FAM3D
13416,CST5
13417,MAP3K15
13418,APOL4
13419,CNTNAP4
13420,MRPL38
13421,ZNF462
13422,ZSCAN18
13423,POM121B
13424,CHST15
13425,OR3A4P
13426,NT5M
13427,CACNG6
13428,MRPL22
13429,KCTD16
13430,BMERB1
13431,VPS13D
13432,PIGQ
13433,TP53I13
13434,NOL8
13435,SAMD11
13436,LRRC55
13437,TRIM43B
13438,STOML3
13439,USP17L7
13440,MTIF3
13441,IGKV2-28
13442,ECEL1
13443,SCAF1
13444,PCDHGC5
13445,MTRNR2L5
13446,RASSF3
13447,DEFB130A
13448,ANKRD9
13449,ZKSCAN1
13450,OR7A17
13451,CCDC137
13452,TNPO2
13453,KDM4E
13454,FKBP3
13455,S100A2
13456,SLC35A4
13457,GNPNAT1
13458,ZNF317
13459,SUSD2
13460,SSU72L5
13461,TREML4
13462,EBF3
13463,ZFC3H1
13464,OR13C5
13465,MRPL52
13466,TSC22D3
13467,MRPS22
13468,SPATA19
13469,OR1K1
13470,OR9K2
13471,H3-7
13472,EMC1
13473,TNFRSF17
13474,SLC41A3
13475,KCNG1
13476,B3GAT2
13477,ZNF479
13478,PNPLA7
13479,RBM27
13480,NINL
13481,FRMPD4
13482,SERPINA4
13483,OR51V1
13484,UNKL
13485,PCDHGC3
13486,DNAJB7
13487,EQTN
13488,ZFYVE28
13489,PRPF38A
13490,POC5
13491,OR14A2
13492,ZNF688
13493,STK19
13494,CAPNS2
13495,RPP14
13496,FAM193B
13497,RASL10B
13498,EZHIP
13499,CHI3L2
13500,MSTO1
13501,HNRNPA3
13502,ZNF697
13503,OR52D1
13504,CCNJ
13505,TANGO2
13506,KCNK17
13507,NDUFB11
13508,TRIM50
13509,ZNF169
13510,COQ4
13511,DNAJC17
13512,ABLIM2
13513,ZBTB47
13514,ZNF273
13515,SERTAD1
13516,GPR135
13517,PPCDC
13518,OR6A2
13519,PIGG
13520,SNORC
13521,G6PC2
13522,TMEM18
13523,SPAAR
13524,PIGM
13525,TMA16
13526,ZC3H11A
13527,ZNF652
13528,ZNF783
13529,RHEX
13530,ACOT7L
13531,OR3A2
13532,TMTC2
13533,CCDC69
13534,ZNF85
13535,GNRHR
13536,VWC2L
13537,ANKRD37
13538,MIS18BP1
13539,SSPN
13540,DAOA
13541,CAMK2N2
13542,OR1C1
13543,PPP2R3A
13544,METRN
13545,OR51B5
13546,SPATA17
13547,LRFN2
13548,TPRN
13549,RPLP0P6
13550,PTMS
13551,TMEM241
13552,FOXRED1
13553,LTO1
13554,RBM17
13555,OBP2A
13556,ZNF280C
13557,GIMAP8
13558,ARHGAP30
13559,NOTCH2NLC
13560,WDR46
13561,ZFP2
13562,ZMAT5
13563,OR6C2
13564,ANKRD13D
13565,ZNF664
13566,PPP1R42
13567,FBN3
13568,NECAP1
13569,ZNF558
13570,PCYOX1L
13571,GYG2
13572,CAND2
13573,TMEM179B
13574,ZNF620
13575,EEPD1
13576,IGKV2-29
13577,BTG4
13578,RFPL4B
13579,SARG
13580,CALML4
13581,BICC1
13582,CEP104
13583,ZCCHC17
13584,OR7C2
13585,HDX
13586,SLC25A16
13587,CALCB
13588,ZNF79
13589,PLPPR5
13590,LRRN2
13591,COCH
13592,OR7A5
13593,CD8B2
13594,ZNF121
13595,ZRANB2
13596,TIMM29
13597,VGLL2
13598,RNPC3
13599,PTPN20
13600,OR4E1
13601,ZNF253
13602,ZNF324
13603,ZNF320
13604,OR13C2
13605,TP53I3
13606,ZNF563
13607,ZNF646
13608,CNNM1
13609,ZNF672
13610,INTS14
13611,COA1
13612,PM20D2
13613,GOLGA8B
13614,MRPS2
13615,LZTS3
13616,OR2M4
13617,OR5BS1P
13618,MCMDC2
13619,MYL5
13620,TCP10L
13621,AS3MT
13622,ZNF491
13623,SSU72L4
13624,ZNF32
13625,GALNT10
13626,STRC
13627,BTBD3
13628,SIGLEC7
13629,ADGRA1
13630,AMIGO3
13631,TRB
13632,PPP1R3G
13633,ERP27
13634,ZNF285
13635,KRT23
13636,MORN4
13637,TMSB10
13638,ZNF41
13639,ZSCAN22
13640,PHF20L1
13641,PRTG
13642,H4C7
13643,SH3RF3
13644,ZNF69
13645,TRAC
13646,TRBV7-9
13647,SORCS1
13648,SDAD1
13649,WDFY4
13650,SEC61A2
13651,FKBP2
13652,FN3KRP
13653,OR7D4
13654,CHST12
13655,GGT6
13656,VGLL1
13657,OR13C9
13658,GPT2
13659,ZNF669
13660,OLFML2A
13661,CNNM3
13662,AFAP1L1
13663,TEKT5
13664,SAXO2
13665,ZNF771
13666,RBM44
13667,GSG1L
13668,ACAP3
13669,GALNT8
13670,OVOL3
13671,GPR63
13672,OR5C1
13673,LRCH4
13674,FAM50B
13675,NBEA
13676,TINAG
13677,IRAG1
13678,B3GALT2
13679,ZNF83
13680,TOGARAM2
13681,OR5H15
13682,PYCR2
13683,OR5K1
13684,ZNF695
13685,SRGAP1
13686,SLCO5A1
13687,PSMG3
13688,TGIF2LY
13689,GNG12
13690,GPKOW
13691,TBC1D8
13692,CRYGB
13693,RRAD
13694,RNASEH1
13695,UBE2Q2
13696,MZT2A
13697,ZIM3
13698,EIF2S3B
13699,VNN2
13700,ZNF155
13701,INHBE
13702,SECISBP2L
13703,SWI5
13704,ZSCAN32
13705,TECTB
13706,OR14J1
13707,GLT6D1
13708,OR51J1
13709,NCMAP
13710,PCDHGC4
13711,OR5H14
13712,NFKBID
13713,LRIG3
13714,OR6K3
13715,CEP70
13716,RIT1
13717,ZNF844
13718,CYTIP
13719,PCDHGA3
13720,DCAF5
13721,ERAS
13722,BTNL8
13723,SP110
13724,SELENOF
13725,EVX2
13726,PUS7L
13727,MPC1
13728,SFSWAP
13729,PCDHA2
13730,VWA8
13731,RALGPS2
13732,ARHGEF26
13733,OR6C3
13734,APMAP
13735,CPB1
13736,MOGAT1
13737,PUDP
13738,ZNF738
13739,RWDD3
13740,RABAC1
13741,ARL17A
13742,ZNF775
13743,IGKV3D-20
13744,PARS2
13745,LECT2
13746,DNAAF5
13747,NRBP2
13748,ZNF667
13749,KCNV2
13750,ZSCAN5A
13751,GSTA5
13752,PMCHL2
13753,OR2L13
13754,BBOF1
13755,APOL6
13756,RNF170
13757,PTCD1
13758,NUGGC
13759,OR10K2
13760,CALML6
13761,SEZ6L2
13762,GPR176
13763,RAB5IF
13764,DBX2
13765,KCNK15
13766,NTPCR
13767,OR12D2
13768,CLDN2
13769,OR52L1
13770,ZNF439
13771,GALNT12
13772,SCAMP2
13773,BAALC
13774,STRIP2
13775,OR10A5
13776,XPO7
13777,DDX50
13778,DNAL1
13779,FUT11
13780,NKX1-2
13781,ADPRH
13782,SENP8
13783,ZNF302
13784,EFHC2
13785,ZNF613
13786,TFPI2
13787,ZNF461
13788,ZNF679
13789,LUC7L2
13790,SLC35B3
13791,TBC1D13
13792,POLR3GL
13793,IFTAP
13794,ZNF763
13795,TNNC2
13796,PMS2P1
13797,TOR3A
13798,ZNF625
13799,PEDS1
13800,SBK2
13801,SLC22A15
13802,LLPH
13803,ZNF644
13804,ZNF569
13805,SSU72L2
13806,GAS7
13807,RNF141
13808,DALRD3
13809,ARL13A
13810,ZNF26
13811,ZMYM2
13812,CENPN
13813,OR5G3
13814,RPS6KL1
13815,TTC21A
13816,TCEA3
13817,SNX13
13818,HSP90AA5P
13819,SLC33A1
13820,FAM111B
13821,IGSF1
13822,QRFPR
13823,TMUB1
13824,TMEM53
13825,ZNF596
13826,MAP7D3
13827,ZNF500
13828,RADX
13829,ZNF490
13830,HAO2
13831,ABI3BP
13832,ZNF138
13833,CST6
13834,OR52B4
13835,RESF1
13836,PDZRN3
13837,ACOT6
13838,ZNF772
13839,ACTL8
13840,TMEM39A
13841,SLC37A3
13842,IGHV3-9
13843,PRRG4
13844,ZNF433
13845,DUS1L
13846,ALPG
13847,MIPEP
13848,SIGLEC14
13849,UST
13850,TSPAN6
13851,CPNE8
13852,GJD4
13853,ZNF229
13854,ZNF555
13855,ANGEL2
13856,GGCX
13857,DUSP14
13858,ZNF460
13859,GPRASP2
13860,LILRA1
13861,TAS2R10
13862,OR2S2
13863,EXD1
13864,ZNF566
13865,ZNG1C
13866,OR1L3
13867,TSPAN4
13868,UBXN10
13869,OR10V1
13870,SLC25A38
13871,ZNF691
13872,BCL2L12
13873,NOTCH2NLB
13874,ZNF589
13875,NOMO2
13876,PIEZO2
13877,SURF2
13878,PRCC
13879,NCR3LG1
13880,FAM170B
13881,OR5J2
13882,RMC1
13883,DIRAS1
13884,NXF5
13885,ZNF319
13886,KBTBD13
13887,OR2G6
13888,RBBP9
13889,DEFB109B
13890,CSKMT
13891,MXD3
13892,REC114
13893,SSU72L3
13894,TRIM64B
13895,KCTD2
13896,UPK1B
13897,ZNF80
13898,ZSCAN23
13899,LY6K
13900,SLAIN1
13901,ZNF107
13902,CSTF2
13903,CCNI2
13904,ZMYM3
13905,UGT2A1
13906,PKDREJ
13907,MRPS5
13908,SGSM2
13909,SUGP1
13910,LDHAL6A
13911,DVL1P1
13912,CFAP52
13913,CDIP1
13914,OR1D5
13915,SPACA4
13916,CES1P1
13917,KCNK12
13918,OR1A2
13919,KCTD9
13920,ZNF71
13921,SCMH1
13922,ZNF441
13923,ABHD11
13924,CENPL
13925,SLC15A5
13926,NKX1-1
13927,KRT82
13928,DOK6
13929,ZNF576
13930,HECTD4
13931,F8A1
13932,GDPGP1
13933,ZNF702P
13934,CATSPERB
13935,AASDH
13936,UGT2B7
13937,PSTPIP2
13938,NEURL3
13939,RGL3
13940,OR51B6
13941,OR1D4
13942,CERS6
13943,OR14L1
13944,SPG21
13945,DTD2
13946,TBC1D2B
13947,STARD8
13948,OR5K3
13949,CCDC14
13950,SPATA6
13951,MRPL3
13952,STYXL2
13953,SCNM1
13954,CD7
13955,USF3
13956,RNF32
13957,GOLGA7B
13958,TOR2A
13959,KCNH3
13960,GRXCR2
13961,MIEF2
13962,ST6GALNAC1
13963,MDH1B
13964,KCNK13
13965,TRIM49D1
13966,DHRS7C
13967,RANBP10
13968,RIMBP3
13969,RNF212B
13970,CCHCR1
13971,OR5P3
13972,ZFP14
13973,BTN3A2
13974,ZNF774
13975,OR6C6
13976,NCR2
13977,SPATS2L
13978,LAYN
13979,CEP295NL
13980,PIGN
13981,OR12D1
13982,OR2T1
13983,SELENOO
13984,ZNF543
13985,ZNF518B
13986,UTS2B
13987,TRIM51
13988,NUDCD3
13989,HSBP1L1
13990,HMGXB4
13991,PGAP6
13992,ZNF19
13993,DYM
13994,MOB3A
13995,RIMBP3B
13996,PPIL4
13997,OR8H3
13998,ZBTB9
13999,MRPL55
14000,ZNF581
14001,FIBCD1
14002,NTAQ1
14003,CRYBA4
14004,TM7SF3
14005,ZNF595
14006,NAT14
14007,SCN3A
14008,OR13A1
14009,ZNF280A
14010,LGI3
14011,FHL5
14012,EIF4E3
14013,ZKSCAN8
14014,OSTF1
14015,GALNTL6
14016,GALNT9
14017,SSU72L1
14018,CRYGC
14019,CATSPERG
14020,GALE
14021,CELF6
14022,TAGLN3
14023,VIT
14024,ZNF629
14025,CLDN22
14026,OR5W2
14027,DIRAS2
14028,MFAP3L
14029,MPHOSPH9
14030,ZNF547
14031,GPR179
14032,ZIK1
14033,ZNF860
14034,DPY19L2
14035,POU2AF3
14036,TMSB15A
14037,IGHV3-13
14038,SHCBP1
14039,OR14K1
14040,ZNF75A
14041,ZNF469
14042,ALG1
14043,MRRF
14044,HTRA3
14045,MRPL24
14046,TBC1D16
14047,ZNF419
14048,ZNF227
14049,OR13G1
14050,ZNF124
14051,OR5K4
14052,CLPTM1
14053,ANKRD11
14054,BAZ2B
14055,PYCR3
14056,ASB9
14057,SNX24
14058,OR10J3
14059,MON2
14060,DENND10
14061,G0S2
14062,IGKV1-12
14063,CCNQ
14064,XIRP1
14065,TARS3
14066,ZNF417
14067,CLIP2
14068,OR51M1
14069,SSPOP
14070,MRPS17
14071,PLPPR2
14072,USP35
14073,OR5AU1
14074,GML
14075,PIK3IP1
14076,SSU72L6
14077,FAM209A
14078,TBPL2
14079,OR5AC1
14080,INSL4
14081,ZNF526
14082,BOLA1
14083,ZNF544
14084,ZNF443
14085,ZNF607
14086,ABHD1
14087,DQX1
14088,OR13H1
14089,ZNF275
14090,NCKAP5L
14091,BTBD8
14092,IL20RA
14093,RBM48
14094,IPO8
14095,SPZ1
14096,GPX8
14097,JOSD1
14098,NCAM2
14099,KCNJ15
14100,MCUR1
14101,PCDHA7
14102,PCTP
14103,ZNF791
14104,MAGEA1
14105,UROC1
14106,ST20
14107,SCRT1
14108,MATCAP1
14109,KCTD19
14110,LPAR4
14111,ITPRIP
14112,OR51I2
14113,OR52A1
14114,ESM1
14115,PGA4
14116,NDUFAF2
14117,LY6G6E
14118,CDCA4
14119,PPP1R12C
14120,NUDT17
14121,ACOT1
14122,PPP6R1
14123,SLC44A3
14124,NACA2
14125,ZNF140
14126,ZNF426
14127,ZNF367
14128,COX19
14129,OR2AT4
14130,EIF4E1B
14131,USP17L6P
14132,AJM1
14133,C8orf17
14134,TKTL1
14135,FXYD4
14136,SMS
14137,ARHGAP11A
14138,BBX
14139,SULT1A4
14140,KIRREL2
14141,ZSCAN9
14142,IMMP1L
14143,AMDHD1
14144,ZNF337
14145,ZNF100
14146,IL17C
14147,GGACT
14148,ZNF846
14149,IGFBPL1
14150,OR10J4
14151,GLI4
14152,CCDC113
14153,MIER3
14154,POLR3E
14155,TTYH2
14156,PTER
14157,OR10Z1
14158,MUC16
14159,GNG13
14160,THAP10
14161,OR52A5
14162,ZNF552
14163,GALM
14164,OR52E2
14165,NIPSNAP2
14166,CNNM2
14167,SHISA8
14168,MECR
14169,BOD1L1
14170,RRP36
14171,OGFR
14172,TMEM167A
14173,OR6N2
14174,SARAF
14175,MCEE
14176,ACY1
14177,SPOCK3
14178,SLC25A36
14179,ZNF486
14180,DYNLT2
14181,ZZEF1
14182,EEF1AKMT1
14183,LRRC41
14184,RELL2
14185,TBCEL
14186,B3GALNT1
14187,TPRKB
14188,RNF208
14189,CRPPA
14190,CLPTM1L
14191,AMY1B
14192,ZNF706
14193,CBLL2
14194,SARDH
14195,OR51I1
14196,ZNF92
14197,PPAN
14198,PPFIA4
14199,ZNF624
14200,CUTA
14201,REG4
14202,MKRN1
14203,CYLC2
14204,IGHV4-61
14205,DPEP2
14206,KCNK7
14207,REP15
14208,DEFB130B
14209,MTFR1
14210,RCN1
14211,LITAFD
14212,SERPINA7
14213,OR10A3
14214,CUEDC2
14215,ZNF518A
14216,CSTPP1
14217,CFAP73
14218,OR10W1
14219,OR14A16
14220,OR2D2
14221,L3MBTL4
14222,CLDN12
14223,ZNF329
14224,ZNF627
14225,ZNF57
14226,TMEM50B
14227,ZNF594
14228,MFSD5
14229,OR5P2
14230,SCAND3
14231,BCORL1
14232,MLANA
14233,ZNF223
14234,OR1E1
14235,ZNF487
14236,DENND4B
14237,B3GALT4
14238,LRTM2
14239,SNX11
14240,MFSD14A
14241,ZNF776
14242,CD52
14243,SLC10A4
14244,OR10Q1
14245,MRPL16
14246,PLBD1
14247,CCDC86
14248,OR1Q1
14249,PPA1
14250,AWAT1
14251,DKK2
14252,MCTP2
14253,SPATA46
14254,FRAT2
14255,RABL6
14256,N4BP2
14257,ZNF837
14258,UTS2R
14259,MXD4
14260,ZNF93
14261,C2CD4A
14262,SIDT1
14263,SCML2
14264,RELT
14265,ELMO3
14266,TMPO
14267,ARPIN
14268,ZSCAN16
14269,ZRSR2P1
14270,UQCRFS1P1
14271,ZNF786
14272,SMAP2
14273,CABP5
14274,PNISR
14275,ZNF792
14276,LIM2
14277,POPDC3
14278,ZNF614
14279,ZNF821
14280,RPUSD1
14281,OXCT2
14282,KCNA7
14283,RPRD1A
14284,TRIM64C
14285,MARCHF4
14286,ZNF549
14287,MRPL14
14288,PSG8
14289,TCAF2
14290,TAS2R46
14291,N4BP3
14292,CHAC2
14293,BCAP29
14294,INTS10
14295,KCNJ16
14296,HHATL
14297,CD48
14298,RNASE8
14299,GPR137
14300,SLC19A3
14301,CSTF2T
14302,TM2D1
14303,ZKSCAN7
14304,CSDC2
14305,OR2A25
14306,CA14
14307,TM4SF5
14308,SLC4A1AP
14309,MUC7
14310,ANO2
14311,ZNF606
14312,CDY2A
14313,PGM2L1
14314,ZNF33B
14315,ZNF414
14316,ZNF180
14317,SPACA5
14318,SEC22A
14319,OLFML2B
14320,FSTL5
14321,SFT2D3
14322,ZNF512
14323,IKZF2
14324,TSEN15
14325,IGKV2D-30
14326,CAPS
14327,ZNF710
14328,ZNF17
14329,MRPL48
14330,RIMBP3C
14331,OR2J1
14332,SLC25A30
14333,ZNF213
14334,USP17L8
14335,ALG9
14336,DSEL
14337,ZNF785
14338,NRK
14339,CLEC18A
14340,SCARF2
14341,TMEM14B
14342,RGL1
14343,CPNE4
14344,OR2A7
14345,PKD1L2
14346,CFAP44
14347,CDHR1
14348,ZMYND15
14349,CRELD2
14350,GPR22
14351,OPTC
14352,ZNF765
14353,INTS8
14354,AMY1A
14355,ZNF266
14356,FILIP1L
14357,ZNF286A
14358,SUSD4
14359,MBD3L2
14360,ZNF77
14361,PYROXD1
14362,CNKSR1
14363,OR5A1
14364,RNASE4
14365,MT-ND4L
14366,DEFB132
14367,TRBV12-3
14368,MATN4
14369,NDST4
14370,FILIP1
14371,CBLN4
14372,CEP112
14373,CPZ
14374,STK32B
14375,SYCE2
14376,CFAP100
14377,ACBD3
14378,ZNF23
14379,FAR2
14380,ZNF343
14381,PGAP3
14382,NETO2
14383,FTHL17
14384,MAMDC2
14385,DPPA4
14386,ALG6
14387,CWC25
14388,TOMM34
14389,PLLP
14390,ANO10
14391,DOCK6
14392,ZNF133
14393,CIMAP1A
14394,AP5B1
14395,ITIH3
14396,GCNA
14397,ZNF230
14398,GMCL2
14399,CRYBG3
14400,GALNT17
14401,CLRN2
14402,ZIM2
14403,CERS5
14404,TIPRL
14405,GRM8
14406,DEPDC1
14407,BTNL2
14408,RNF175
14409,CALML5
14410,LURAP1
14411,RHPN2
14412,DHX40
14413,KCNK9
14414,DOK2
14415,RETREG2
14416,CDH16
14417,NFKBIE
14418,CEACAM3
14419,OR14C36
14420,OR10AG1
14421,MTMR12
14422,ZNF648
14423,TMSB15B
14424,ZNF696
14425,TPRXL
14426,ZNF766
14427,NDUFB3
14428,ZNF773
14429,OR2AG1
14430,OR2F2
14431,PGA3
14432,ZFP3
14433,ARHGAP40
14434,DENND2B
14435,SPSB1
14436,PTGFRN
14437,TMEM170A
14438,EFR3B
14439,TULP2
14440,CA8
14441,CSTF3
14442,ZNF160
14443,WDR72
14444,ZNF780A
14445,KBTBD2
14446,ZNF600
14447,XRRA1
14448,OR6C1
14449,TAS2R40
14450,ASAP2
14451,CAPN6
14452,NACA
14453,ZFHX4
14454,HOXB-AS3
14455,TMEM131L
14456,FOXO3B
14457,OR2M7
14458,NSA2
14459,HSPA12A
14460,FCRLA
14461,SPRED3
14462,RPL13AP3
14463,ZNF567
14464,CDCA3
14465,OR4C46
14466,IMUP
14467,DCAF15
14468,IGHV3-30-5
14469,OR5H8
14470,ACCS
14471,BTN2A1
14472,ZNF705D
14473,ACTL7B
14474,ICAM5
14475,OR5A2
14476,LRIT3
14477,CHCHD2P9
14478,OR7C1
14479,OR5AN1
14480,BMP15
14481,MRPL53
14482,ISG20L2
14483,ZNF883
14484,ZSCAN30
14485,KREMEN2
14486,ZNF534
14487,OPCML
14488,TEX10
14489,PPM1M
14490,TRIML1
14491,ZNF221
14492,ZNF84
14493,TAGAP
14494,TBC1D10B
14495,SMPDL3A
14496,CMAS
14497,TYW3
14498,LY86
14499,COL6A5
14500,NDUFB2
14501,ZNF48
14502,GATAD1
14503,ZNF25
14504,TRIM49B
14505,SYCE1
14506,ZNF699
14507,LCMT2
14508,ZNF578
14509,FIP1L1
14510,SRM
14511,CEP76
14512,KCTD11
14513,HERV-K104
14514,OR2T3
14515,FBXO25
14516,PCDHGB1
14517,NOBOX
14518,PPIAL4A
14519,GPBP1L1
14520,MFRP
14521,NKAPL
14522,ACTRT1
14523,GUCA1C
14524,TAS2R8
14525,HOATZ
14526,MYO15B
14527,IGHV3-30
14528,BOD1L2
14529,NTM
14530,RHOXF2B
14531,OR52E5
14532,CACUL1
14533,CYB5D1
14534,GPR84
14535,ZNF524
14536,ZXDA
14537,TFF3
14538,ZBTB11
14539,B3GALNT2
14540,NPEPL1
14541,C20orf173
14542,ZNF574
14543,ZNF98
14544,OR7A2P
14545,ST6GALNAC5
14546,IGHV3OR16-12
14547,ANKRD45
14548,DTX3
14549,BTN3A3
14550,C3orf33
14551,SMCP
14552,TNK1
14553,OR51G2
14554,NPY4R
14555,ZNF575
14556,STMND1
14557,OR10H5
14558,RIPPLY1
14559,SAMD9
14560,PHAF1
14561,DBR1
14562,CPPED1
14563,METTL6
14564,XG
14565,OR12D3
14566,KIR3DL1
14567,TLCD1
14568,ORAI3
14569,ZKSCAN4
14570,EPHX3
14571,TSR3
14572,ZNF264
14573,ICAM2
14574,ZNF404
14575,IGKV1-13
14576,TMPRSS11F
14577,CDNF
14578,MEST
14579,RAB3IL1
14580,RPL22L1
14581,CYSRT1
14582,ZNF211
14583,ZNF704
14584,KLK11
14585,NRSN2
14586,TMEM266
14587,ZBTB3
14588,TMPRSS13
14589,FRA10AC1
14590,IPO11
14591,SRSF8
14592,MUC6
14593,KIAA1614
14594,PTGES3L
14595,OR2AJ1
14596,ODF1
14597,PCDH9
14598,KIR2DL1
14599,NARF
14600,NACAD
14601,ZNF584
14602,OR2G3
14603,MYPOP
14604,ZNF660
14605,OR11H6
14606,ADGRE4P
14607,OR1E3
14608,OR4D5
14609,NLRP11
14610,ZSCAN12
14611,ASCL5
14612,RBM41
14613,TRBC1
14614,PRAMEF7
14615,CHIC2
14616,PRODH2
14617,OR10G3
14618,HMHB1
14619,DNAAF10
14620,TMEM17
14621,ARSJ
14622,FAM32A
14623,PDPR
14624,ZNF585B
14625,RNASEH2C
14626,FAM210A
14627,TEX12
14628,FAM47E
14629,MYRFL
14630,ADGRF4
14631,GATD1
14632,OR1S2
14633,TMEM192
14634,QPCTL
14635,MGME1
14636,OR4F17
14637,ISX
14638,ENTHD1
14639,KNCN
14640,GPRASP1
14641,SAA4
14642,TAS2R1
14643,SRRD
14644,SNX25
14645,ASB10
14646,ZNF689
14647,CTBS
14648,RASL10A
14649,OR4D1
14650,SNAI3
14651,PLBD2
14652,BRIX1
14653,ZNF101
14654,TRAV8-4
14655,VENTX
14656,SLC35E2A
14657,POU2AF2
14658,SLC49A4
14659,OR4A8
14660,PRPF40B
14661,OR1M1
14662,KLHDC1
14663,USP17L4
14664,SIGLEC15
14665,PTGR2
14666,SMR3B
14667,OR10G6
14668,MMEL1
14669,MRPS28
14670,POMGNT2
14671,OR4N5
14672,OR13D1
14673,FAM83A
14674,GPR142
14675,XXYLT1
14676,ZNF597
14677,GALC
14678,DDTL
14679,MRPL50
14680,MKRN3
14681,GPR173
14682,SPINK7
14683,CARMIL3
14684,ADGRL4
14685,IGHV2-70D
14686,DUS4L
14687,NUDT22
14688,BTBD17
14689,ZNF215
14690,COQ10A
14691,EPM2AIP1
14692,OVCH2
14693,ADPRM
14694,SPMIP10
14695,OR2D3
14696,ZNF485
14697,ERG28
14698,H3Y2
14699,OR10J6P
14700,ANKRD31
14701,QNG1
14702,OR56A3
14703,PRSS57
14704,IGKV1D-42
14705,OR6C75
14706,SLC38A10
14707,OR2L5
14708,MGAM2
14709,FAM170A
14710,ZNF2
14711,SEC62
14712,OR6C76
14713,WDFY2
14714,SEC22C
14715,ADAMTS17
14716,TRGC2
14717,OR4A4P
14718,COQ10B
14719,OR11H1
14720,HAPSTR1
14721,UVSSA
14722,OR1E2
14723,ARHGAP23
14724,PCDHB12
14725,ZNF394
14726,SLC7A7
14727,IGLV2-33
14728,MYCNOS
14729,CLDN23
14730,GOLGA8A
14731,TTC23L
14732,OR10R2
14733,OR4M2
14734,OR2Y1
14735,TMEM214
14736,GKN2
14737,CADM3
14738,ITM2A
14739,DLK2
14740,RCAN2
14741,RASSF7
14742,OR1J2
14743,OR10C1
14744,WFDC5
14745,PIGZ
14746,ZNF510
14747,DPPA3
14748,TMEM223
14749,STARD5
14750,ZNF707
14751,FCRLB
14752,PCDHA1
14753,AKAIN1
14754,COMTD1
14755,SIGLEC12
14756,CWC27
14757,ZNF677
14758,PSG2
14759,CIBAR2
14760,ZNF732
14761,MAGEA11
14762,TIMD4
14763,TMEM14A
14764,CRYZL1
14765,CYP4Z2P
14766,EHBP1
14767,CYBC1
14768,ZMYM6
14769,TMEM150A
14770,OR52N1
14771,DZANK1
14772,ZNF527
14773,IGLV5-37
14774,IGHV3-38-3
14775,P2RY14
14776,DNAI7
14777,TAF11L11
14778,IGLV3-10
14779,A0A2R9YJI8
14780,ZNF573
14781,PCDHGB5
14782,FKBPL
14783,KRTAP1-3
14784,FUOM
14785,OR4X2
14786,OR4F16
14787,NMRAL1
14788,OR6N1
14789,OR2AE1
14790,BRME1
14791,OR2L2
14792,DEFB128
14793,ZNF225
14794,C1orf43
14795,OR2A14
14796,DPRX
14797,DOLPP1
14798,PRICKLE3
14799,TRIR
14800,TAS2R31
14801,UQCC1
14802,ZNF33A
14803,ZNF875
14804,HMGB4
14805,PCYT2
14806,LYG2
14807,LGALS12
14808,SLC10A5
14809,RHBDL1
14810,ZSWIM2
14811,MMADHC
14812,OR56B4
14813,ZNF559
14814,DNAJC30
14815,CRISPLD1
14816,TEDC2
14817,PRSS22
14818,OR4C6
14819,IGHV1-46
14820,TMPRSS11A
14821,KLK10
14822,ST6GALNAC2
14823,PYY3
14824,OR51E1
14825,STPG1
14826,WFDC9
14827,OR10A2
14828,FMC1
14829,IGHV7-81
14830,ZNF571
14831,MZT2B
14832,PHKB
14833,TMPRSS11E
14834,OR52P1
14835,CLEC1A
14836,H2BK1
14837,WFDC10B
14838,OR1F2P
14839,ZNF717
14840,TM6SF2
14841,IGKV2-40
14842,GOLGA8O
14843,PGGT1B
14844,ZIC4
14845,AMMECR1
14846,TAS2R50
14847,RCCD1
14848,ZNF90
14849,ATE1
14850,MRS2
14851,OR51B2
14852,ZNF835
14853,OR4K5
14854,CASC2
14855,ZNF700
14856,ZNF852
14857,IGHV3-21
14858,ZNG1B
14859,RNF150
14860,MRPS35
14861,TRIM77
14862,OR2B6
14863,OR10A6
14864,TXNDC15
14865,TRO
14866,MCRIP1
14867,TOPAZ1
14868,GSTA3
14869,ZNF813
14870,MRPL21
14871,NAA25
14872,UBTFL6
14873,GPR39
14874,RNF39
14875,IGSF9B
14876,PCDH18
14877,TNFRSF6B
14878,WDR55
14879,ZNF30
14880,PADI1
14881,OR6T1
14882,GMPPA
14883,OTOGL
14884,OR1B1
14885,MEX3A
14886,OR2I1P
14887,NDUFAF6
14888,OR10G8
14889,OR4C5
14890,OR11G2
14891,IGHV3-30-3
14892,HIRIP3
14893,GPR27
14894,PLEKHB1
14895,KIZ
14896,FPGT
14897,NUP62CL
14898,ZFP30
14899,IGHV4-30-4
14900,IRS4
14901,CCDC125
14902,PSTK
14903,IGKV2D-29
14904,TMEM203
14905,DDA1
14906,IGHV1OR21-1
14907,PIGF
14908,CCDC96
14909,LRRN1
14910,ZNF891
14911,IGHV4-31
14912,GIMAP2
14913,CITED4
14914,CHPF2
14915,OR4C15
14916,COMMD7
14917,ZNF182
14918,OR2AG2
14919,ZNF362
14920,IGHV3OR16-13
14921,ZNF610
14922,SBNO1
14923,IGHV1-45
14924,ZNF28
14925,CA11
14926,OR1L8
14927,OR51C1P
14928,NOMO1
14929,IGHV1-8
14930,PRAMEF27
14931,ST3GAL5
14932,NINJ2
14933,OR6Q1
14934,GSTT2
14935,LPAR5
14936,SPIN3
14937,IGLV7-46
14938,ERVK-5
14939,PHACTR3
14940,ZNF292
14941,MED12L
14942,PPFIBP2
14943,FADS3
14944,ZSCAN29
14945,DUX4L9
14946,CD300H
14947,FBXW2
14948,IGLV3-12
14949,PTCHD3
14950,CTAGE9
14951,IGLV5-48
14952,LACTB2
14953,OR2M3
14954,ZFP28
14955,OR52I1
14956,IGLV11-55
14957,KLHL8
14958,VPREB1
14959,ZNF560
14960,IGKV3-7
14961,OR51A2
14962,CELA2B
14963,ARHGEF17
14964,TMEM11
14965,H2AL3
14966,OR7G2
14967,OR5V1
14968,ZNF142
14969,MTFMT
14970,TBC1D9B
14971,SCHIP1
14972,GPR132
14973,CCDC186
14974,PRAMEF18
14975,SDR9C7
14976,EEIG1
14977,IGLV1-36
14978,KLK12
14979,LILRB5
14980,NPL
14981,ANXA10
14982,ZNF235
14983,CCDC93
14984,GPR101
14985,TARBP1
14986,CTSO
14987,FAM210B
14988,CADM2
14989,ZSCAN25
14990,CTSE
14991,RUFY2
14992,KIR2DL3
14993,LYSMD3
14994,NDUFS6
14995,MRPS21
14996,BLID
14997,OR52L2P
14998,OR6X1
14999,KATNIP
15000,BANF2
15001,OR2T34
15002,TSPYL6
15003,ZNF878
15004,COMMD3
15005,OR4B1
15006,HEPHL1
15007,OXCT1
15008,MPZL2
15009,OR56A1
15010,OR52N5
15011,KRTAP5-8
15012,TRIM51G
15013,ZNF517
15014,CNK3/IPCEF1
15015,SEC11C
15016,ESPNL
15017,A0A0G2JNH3
15018,FMO6P
15019,OR6P1
15020,TLE7
15021,ABCF3
15022,OR4A15
15023,OR2AK2
15024,OR4D2
15025,ZNF75CP
15026,VN1R17P
15027,LMBR1
15028,CFAP74
15029,CFHR4
15030,OR1J1
15031,BEST3
15032,SP140L
15033,TRIM47
15034,RPL37AP8
15035,KLHL5
15036,ZBTB41
15037,POLR2J2
15038,OR52N4
15039,CFAP61
15040,VSTM1
15041,LRRN4
15042,PRR14
15043,ZNF780B
15044,OR4X1
15045,IGLV10-54
15046,ZNF726
15047,MGAT4C
15048,IGHV4-59
15049,PXMP4
15050,SLC35G1
15051,OR2T11
15052,CYS1
15053,OR52E1
15054,ADAMTSL3
15055,BDH1
15056,DGAT2L6
15057,TMEM176B
15058,ZNF117
15059,ZNF529
15060,KLK15
15061,SLC35E1
15062,CCDC154
15063,URB2
15064,MRPL33
15065,UBE3C
15066,SIMC1
15067,GPCPD1
15068,PKD2L2
15069,IGKV1-27
15070,IGLV8-61
15071,DOHH
15072,OR2L8
15073,PRAMEF4
15074,ZNF557
15075,ZNF197
15076,OR4K17
15077,TRBC2
15078,ICAM3
15079,KCNH4
15080,ZNF45
15081,OR13C4
15082,LY6G6C
15083,AIG1
15084,RUNDC3A
15085,MRPS34
15086,CAPN9
15087,IGHV7-4-1
15088,UGT2B15
15089,TAS2R14
15090,KLHL18
15091,ANO5
15092,LCE3B
15093,ZNF254
15094,ZSCAN31
15095,CRIP2
15096,TAS2R7
15097,CLEC9A
15098,FXYD7
15099,IGHV3-20
15100,ADM5
15101,NFILZ
15102,OR52K2
15103,OTOG
15104,OR56B2P
15105,POGLUT3
15106,GPR160
15107,GON4L
15108,IGKV1-37
15109,MPPED2
15110,PCDHAC2
15111,NFATC2IP
15112,OR10AD1
15113,NIT1
15114,GTF2IRD2B
15115,IGLV4-60
15116,EMP1
15117,ZNF583
15118,IGHV4-39
15119,TFF2
15120,OR52Z1P
15121,OR52I2
15122,KLK2
15123,DUX4L2
15124,GPN2
15125,FAM161B
15126,MBD3L3
15127,ZNF195
15128,SLC22A23
15129,PRELID3A
15130,TYW1
15131,GTSF1
15132,PCOLCE2
15133,KLRF2
15134,TAF11L12
15135,SLC5A9
15136,PPP1R2B
15137,SBK1
15138,DEFB119
15139,OR11H2
15140,FAM9A
15141,BRI3
15142,RNASE11
15143,ZNF619
15144,CNRIP1
15145,A0A087WW49
15146,PRSS50
15147,WFDC12
15148,USP40
15149,ALG14
15150,OR2J3
15151,OR10H3
15152,MLF2
15153,OR2W6P
15154,TREML2
15155,GRAPL
15156,MORN2
15157,IGHV3-49
15158,SSR1
15159,AMER2
15160,ZNF587B
15161,IGHV5-51
15162,IGKV1D-8
15163,ZNF736
15164,OR51L1
15165,URB1
15166,IGLV3-32
15167,CSN3
15168,MPRIP
15169,CENPM
15170,IGKV1D-13
15171,OR1J4
15172,WFDC1
15173,TATDN1
15174,ARAP2
15175,CASTOR2
15176,SERPINA9
15177,TMLHE
15178,IGHV2OR16-5
15179,WDR90
15180,NYX
15181,RTL4
15182,PIERCE2
15183,TPSB2
15184,REXO1L1P
15185,SPIN4
15186,OR11H12
15187,LRRC18
15188,OR51S1
15189,PDCD2L
15190,ARRDC2
15191,ZNF184
15192,SPRR2G
15193,NWD1
15194,IGHV3-72
15195,PALS2
15196,CYSTM1
15197,IGKV2D-24
15198,BCLAF3
15199,OPLAH
15200,RBM12B
15201,MTFP1
15202,ACAP1
15203,HAL
15204,TOX2
15205,ZNF454
15206,OR13C8
15207,FAM3A
15208,SPRR2F
15209,ZNF840P
15210,IGKV1-8
15211,OR13C7
15212,IGHV3-38
15213,OR4C13
15214,ZNF331
15215,ZXDB
15216,IGHV1-69
15217,NIPA1
15218,PNMA1
15219,ZNF324B
15220,SPRR2D
15221,OR1L4
15222,PTPRQ
15223,DUX4L6
15224,SLC16A4
15225,U2SURP
15226,FAM91A1
15227,VANGL1
15228,OSCP1
15229,ZNF826P
15230,HSFX3
15231,FAM151A
15232,CALN1
15233,ADO
15234,IGHV1-3
15235,NRG4
15236,ZNF440
15237,SYT14P1
15238,IGKV3D-7
15239,OR10G9
15240,OR51A4
15241,SPCS2
15242,BROX
15243,DUX1
15244,SLC37A1
15245,SCAF4
15246,OR2T2
15247,OR2M5
15248,C17orf80
15249,ZNF724
15250,OR10S1
15251,IGHV3-16
15252,OR6V1
15253,ZYG11B
15254,BEGAIN
15255,ZNF787
15256,OR4N4C
15257,ZSWIM7
15258,DENND3
15259,GOLGA6A
15260,ASIC4
15261,ZNF548
15262,LRRC24
15263,PPIAL4H
15264,TAF11L5
15265,OR2G2
15266,AGFG2
15267,TPRX2
15268,METTL9
15269,WFDC13
15270,ZNF81
15271,TBC1D12
15272,TPSG1
15273,YIPF3
15274,OR2A1
15275,OR6M1
15276,MAGEA10
15277,PHYKPL
15278,ZNF382
15279,IDNK
15280,OR7G1
15281,SERPINI2
15282,TMEM123
15283,PPIAL4C
15284,ATF7IP2
15285,IGKV1D-43
15286,OR4D10
15287,MICU3
15288,IGHV1OR15-9
15289,SLC25A51
15290,PGBD5
15291,CD72
15292,ARGFX
15293,OR1L6
15294,OR2T29
15295,MRPS25
15296,TXNL1
15297,CYP4X1
15298,OR6C4
15299,ZNF286B
15300,DENND2A
15301,TAS2R38
15302,FYTTD1
15303,ZNF385B
15304,UGT2B11
15305,ZNF181
15306,CT55
15307,ZNF615
15308,SIGLEC11
15309,SCRG1
15310,PRAMEF1
15311,ZNF468
15312,OR10G2
15313,PDXDC1
15314,STRCP1
15315,ZNF770
15316,OR2B8P
15317,ZNF561
15318,PCDHA10
15319,IGHV3-15
15320,PGBD1
15321,OR10AC1
15322,CLDN25
15323,GSTA4
15324,TCAF2C
15325,F13B
15326,FREY1
15327,NOP16
15328,PIGC
15329,PDGFRL
15330,CLECL1P
15331,PRAMEF11
15332,YJU2B
15333,TTC29
15334,LRRC25
15335,TM4SF20
15336,ZNF705EP
15337,OR4K14
15338,KANK4
15339,OR4D6
15340,PCDHGA9
15341,ZNF530
15342,ZNF626
15343,OR4F6
15344,KCNJ13
15345,IGHV4-30-2
15346,IGHV3-43
15347,CMTM5
15348,TRNAU1AP
15349,BIVM
15350,ZNF280B
15351,DPEP3
15352,ZNF214
15353,TMEM208
15354,ZNF226
15355,YBEY
15356,KIR2DS2
15357,CACNA2D4
15358,ZNF805
15359,OR51D1
15360,SPIN2A
15361,DCDC2C
15362,ADAT2
15363,OR1G1
15364,FTH1P19
15365,RGL4
15366,FBXL13
15367,GNRHR2
15368,SHBG
15369,PIGL
15370,OR2T5
15371,OR4F5
15372,OR51T1
15373,PPP1R14D
15374,OR4M2B
15375,OR52K1
15376,TMX4
15377,LDAH
15378,ASB12
15379,MLNR
15380,CAPN8
15381,EXD3
15382,LRCH1
15383,INSL5
15384,GSAP
15385,OR4A5
15386,GPATCH8
15387,CYP20A1
15388,IGLV3-16
15389,DHDH
15390,MRPS10
15391,WDR37
15392,MS4A4A
15393,IGKV1D-17
15394,H2AL1Q
15395,LPAR6
15396,IGHV3OR16-10
15397,IGHV3-74
15398,OR52B2
15399,OR1F12P
15400,GCC1
15401,PRAMEF14
15402,BSPH1
15403,ERVK-24
15404,CKAP2L
15405,POLR1F
15406,FOXRED2
15407,PCDHB8
15408,IGHV3-64D
15409,SLC35E4
15410,MAGEA4
15411,ANKRD6
15412,ZNF157
15413,OR6C74
15414,ZNF630
15415,TRDC
15416,GFY
15417,ZNF816
15418,OR13C3
15419,CCDC42
15420,GPR150
15421,ZNF471
15422,TMT1B
15423,TM9SF1
15424,OR6C68
15425,SLC38A11
15426,ZC3H6
15427,IFI27L1
15428,RBM12
15429,ZNF701
15430,CLDN24
15431,PRAMEF25
15432,OR13F1
15433,IGLV9-49
15434,ZNF391
15435,PRSS3P2
15436,EMID1
15437,NSUN6
15438,FBXL12
15439,IGHV3OR16-8
15440,LDLRAD3
15441,ZNF442
15442,PPP1R2C
15443,PSME3IP1
15444,SLC14A2
15445,AQP12A
15446,ZNF277
15447,ZNF713
15448,ZNF892
15449,RNF145
15450,IGHV4-34
15451,IGHV1-24
15452,CAPN15
15453,GPR141
15454,CCDC25
15455,BPIFB3
15456,ZNF823
15457,OR2B2
15458,ASNSD1
15459,ZNF483
15460,TSPYL4
15461,OR4N4
15462,ZNF316
15463,PPP1R1A
15464,SPMAP2
15465,ZNF735
15466,SH3YL1
15467,OR2T12
15468,ZNF722
15469,PRSS33
15470,NPY4R2
15471,ZNF726P1
15472,VN1R3
15473,OR4A16
15474,OR2H1
15475,OR13C6P
15476,FKBP1C
15477,PIMREG
15478,OR2T33
15479,SYPL2
15480,OR4C45
15481,OR2A42
15482,TRBV28
15483,BPIFB1
15484,LIN37
15485,ZNF280D
15486,OR1L1
15487,IGHV1-69-2
15488,PCSK7
15489,PPIAL4E
15490,PPIAL4G
15491,GZMK
15492,PROKR2
15493,HEATR5A
15494,SLC35E2B
15495,IGKV1D-37
15496,OR52J3
15497,COX7A2P2
15498,OR6Y1
15499,ZNF562
15500,TCP11L2
15501,ZNF284
15502,KANSL3
15503,OR52M1
15504,ZNF14
15505,IGLV1-50
15506,CABCOCO1
15507,CCT8L1P
15508,DNAJC8
15509,OR10H1
15510,IGHV8-51-1
15511,KIR3DS1
15512,FAAH2
15513,GPX5
15514,SMAGP
15515,TRIM73
15516,OR10H4
15517,ZNF532
15518,SEZ6L
15519,ZNF654
15520,OR4F15
15521,SH3TC2
15522,ZNF384
15523,OR6J1
15524,A0A0J9YY99
15525,CRYGS
15526,PPP4R3C
15527,NRN1
15528,OR4K2
15529,UTF1
15530,ZNF18
15531,EMSY
15532,PALMD
15533,IGLV3-22
15534,STK31
15535,OR4C3
15536,SLC38A8
15537,ILKAP
15538,SMIM30
15539,GNGT2
15540,OR7A10
15541,FBXO8
15542,SLAMF9
15543,PRAMEF20
15544,NIM1K
15545,B3GNT9
15546,ZFP62
15547,REM2
15548,NLRP14
15549,SLC10A3
15550,TAS2R30
15551,GSTM5
15552,CCDC181
15553,ZNF829
15554,OR52E4
15555,OR10D3
15556,LOC112268384
15557,OR13J1
15558,ASB11
15559,IGHV6-1
15560,PRTFDC1
15561,MRPL30
15562,SELENOI
15563,KLHL4
15564,TRIM61
15565,OR1A1
15566,OR2B3
15567,IGHV4OR15-8
15568,CTAGE6
15569,ZNF282
15570,CRYBA2
15571,IGHV3OR16-17
15572,OR2J2
15573,ZNF333
15574,VN1R2
15575,OR2Z1
15576,EMILIN3
15577,CUSTOS
15578,GPATCH1
15579,OR52H1
15580,TOMM6
15581,CNPPD1
15582,TCTE1
15583,OR52N2
15584,MYEF2
15585,IGHV2-26
15586,DEFB127
15587,HMGN4
15588,COA3
15589,TRMU
15590,ZNF355P
15591,OR3A3
15592,OR2M2
15593,ZNF705B
15594,PTDSS1
15595,OR4D11
15596,UPK2
15597,OR4K13
15598,LYPD8
15599,NAP1L3
15600,ESS2
15601,MMTAG2
15602,SCART1
15603,A0A0J9YWU9
15604,PLGRKT
15605,CFHR3
15606,OBP2B
15607,TXNDC8
15608,SEC11A
15609,ASIC5
15610,SH2D3A
15611,RBM28
15612,SPAG11B
15613,OR4M1
15614,ZNF208
15615,PRAMEF13
15616,TXNDC12
15617,FAM184A
15618,RGPD8
15619,REXO5
15620,PAQR5
15621,A0A0J9YW62
15622,CCDC170
15623,OR11H7
15624,OR2A5
15625,TMTC1
15626,ZNF865
15627,USP43
15628,GFOD2
15629,SDHAF1
15630,OR9A1P
15631,RFX8
15632,UNC50
15633,IGKV3D-15
15634,TAS2R3
15635,OR4K3
15636,PLEKHG1
15637,REDIC1
15638,BTNL9
15639,KRTDAP
15640,MYLK4
15641,OR2V1
15642,AAGAB
15643,MYL10
15644,IGHV3-53
15645,JOSD2
15646,OR2T27
15647,OR4N2
15648,ARSI
15649,OR51Q1
15650,ZNF605
15651,YLPM1
15652,DGCR2
15653,ZNF781
15654,ZNF782
15655,HS3ST2
15656,PGA5
15657,TAF11L3
15658,TMEM45B
15659,ADPRHL1
15660,OR1N1
15661,CFAP126
15662,RASL11A
15663,RPTN
15664,OR52R1
15665,HMX1
15666,POGK
15667,ENHO
15668,TMEM126B
15669,VN1R1
15670,OR6S1
15671,VPREB3
15672,COX6B2
15673,ANGPTL1
15674,OR1P1
15675,NREP
15676,WFDC3
15677,OR4Q2
15678,NOM1
15679,CMTM1
15680,GPR20
15681,OR51F2
15682,RSKR
15683,ZNF551
15684,ZNF880
15685,STOML1
15686,OR2T7
15687,LIPK
15688,HNRNPA1L2
15689,A0A2R8YFR7
15690,ZNF542P
15691,OR52A4P
15692,DUSP13A
15693,MPZL3
15694,OR4P4
15695,CA10
15696,ZNF556
15697,FBXW7-AS1
15698,DUX4L3
15699,ZNF727
15700,IGHV1OR15-1
15701,LYG1
15702,MDGA2
15703,PRXL2A
15704,IFI44
15705,CFAP53
15706,LCE3A
15707,OR56A5
15708,GMCL1
15709,TAS2R39
15710,IGKV3D-11
15711,TRAV29DV5
15712,ZFP82
15713,DUX4L4
15714,OR1F1
15715,CLPSL1
15716,CTRL
15717,TRAM2
15718,NPY6R
15719,WBP1L
15720,COX6C
15721,INKA2
15722,PLPBP
15723,HSD17B14
15724,PMS2P3
15725,ZNF233
15726,LRRC14
15727,SBK3
15728,PRAMEF5
15729,ZNF311
15730,POLR2J3
15731,OR1R1P
15732,VRTN
15733,CLEC18C
15734,ZNF546
15735,OR4F4
15736,OR9A2
15737,PYDC5
15738,TRIM74
15739,PANO1
15740,GPR139
15741,ARID3B
15742,OR4K1
15743,OGFOD3
15744,PPM1J
15745,ZNF841
15746,COX7C
15747,OR6C70
15748,ERFL
15749,ELSPBP1
15750,HSPB9
15751,ZNF658B
15752,ZNF684
15753,RPEL1
15754,OR2AP1
15755,IGHV3-66
15756,PSKH2
15757,PRAMEF10
15758,ZNF189
15759,ABHD16B
15760,H2BC19P
15761,OR7E24
15762,SH3BP5L
15763,OR3A1
15764,ZNF662
15765,MANSC4
15766,OR10H2
15767,MRPL47
15768,TAF11L13
15769,IGKV1-6
15770,ZNF222
15771,CSTF1
15772,RXFP4
15773,ATXN3L
15774,ZNF737
15775,ZNF492
15776,OR52W1
15777,MPDU1
15778,ZNF586
15779,IGKV2D-26
15780,CLIP4
15781,OR4K15
15782,ZNF75D
15783,BTN2A3P
15784,RHCE
15785,PIGW
15786,ZNF154
15787,TSGA10IP
15788,OR2K2
15789,ZNF845
15790,PTTG3P
15791,DEPP1
15792,ZNF43
15793,ZNF234
15794,OR52E8
15795,SREK1IP1
15796,CAPN11
15797,MEGF9
15798,PCDHGB4
15799,OR2C3
15800,ZMYM4
15801,IGHV1-38-4
15802,LRRC45
15803,GGCT
15804,OR51H1
15805,MXRA5
15806,LRR1
15807,ZNF528
15808,DCAF11
15809,ZSCAN20
15810,VPS26C
15811,ZNF429
15812,SHISA2
15813,PCDHA6
15814,ZNF267
15815,PRRX2
15816,CIMIP2A
15817,PPIAL4D
15818,IGHV2-5
15819,OR4C16
15820,GLTPD2
15821,LUZP4
15822,OR1S1
15823,KLLN
15824,PTPN21
15825,PTDSS2
15826,PPP1R2
15827,CBLN3
15828,CTAGE8
15829,OR4S2
15830,SLC16A14
15831,GGTLC2
15832,OR2T35
15833,RASL12
15834,NBDY
15835,COLGALT1
15836,GTF2IRD2
15837,TAF11L9
15838,ZNF716
15839,EFCAB6
15840,EVA1C
15841,ZNF850
15842,RPP25L
15843,COMMD4
15844,SNX31
15845,SLX9
15846,C14orf93
15847,IGHV4-38-2
15848,ZKSCAN2
15849,ELAPOR2
15850,SERPINA2
15851,IGLV5-39
15852,HIGD2A
15853,ZAN
15854,IGHV2-70
15855,ARL15
15856,LRRCC1
15857,ZNF888
15858,PTTG2
15859,OR2A12
15860,TAS2R9
15861,ZNF585A
15862,OR56B1
15863,GIMAP1
15864,FAM234A
15865,IGHV3-35
15866,IGKV1-9
15867,CRACR2B
15868,DHRS7
15869,SLC25A48
15870,TSPY26P
15871,ZNF66
15872,TBC1D15
15873,ENPP5
15874,TMCC3
15875,GPRC6A
15876,OR2W5P
15877,OR2T10
15878,PRAMEF2
15879,OR4Q3
15880,BTG3
15881,UQCC6
15882,LOC100653049
15883,RBM34
15884,PRAMEF12
15885,H2BW2
15886,DGCR6
15887,SLITRK4
15888,C1orf131
15889,HSDL2
15890,RPL39L
15891,IGKV6D-21
15892,OR11A1
15893,BZW1
15894,NEK5
15895,IKBIP
15896,CCDC141
15897,OR1N2
15898,MFI
15899,CMTM2
15900,OR7G3
15901,ZNF132
15902,SLC25A45
15903,IGLV5-52
15904,ZNF836
15905,ZNF514
15906,REXO1
15907,IGHV3-11
15908,HINT3
15909,CLEC18B
15910,SCRN2
15911,PDILT
15912,IGHV4-28
15913,OR4F21
15914,OR10X1
15915,PNMA3
15916,OR4C12
15917,TSPAN9
15918,STYK1
15919,TMPRSS15
15920,IGLV4-3
15921,HDHD2
15922,ZNF347
15923,HYCC2
15924,TNS4
15925,ZNF705G
15926,ATPAF2
15927,ZNF676
15928,AQP12B
15929,RNF181
15930,MRPS24
15931,PLEKHM3
15932,MRPS18C
15933,LCE3C
15934,ZNF611
15935,JPT1
15936,OR10G7
15937,IGHV3-73
15938,LEPROTL1
15939,TOMM5
15940,TMEM63C
15941,PPP1R14B
15942,ZC3H12B
15943,PCDHA4
15944,PNLIPRP1
15945,OR51A7
15946,CRYBB2
15947,TRAV38-2DV8
15948,ADGRG7
15949,ZNF570
15950,L1TD1
15951,TMEM186
15952,EGFL8
15953,ZNF665
15954,OR9G1
15955,OR2W3
15956,LIAT1
15957,OR2A2
15958,HS3ST4
15959,ZNF577
15960,GAST
15961,CHGB
15962,IGHV3-48
15963,ZNF621
15964,CCDC32
15965,OR2T6
15966,ESF1
15967,SUGP2
15968,TLCD2
15969,ZNF678
15970,IGHV3-43D
15971,IGHV1-58
15972,ZNF44
15973,TTC7B
15974,TRDV1
15975,IGKV6D-41
15976,LINC02218
15977,IGHV1-2
15978,ARHGEF3
15979,MORC4
15980,THAP12
15981,CDV3
15982,ZNF808
15983,ZNF876P
15984,ZNF137P
15985,IGHV3-64
15986,LOC107984156
15987,GARRE1
15988,IRGC
15989,ZNF709
15990,ARMC10
15991,OSGIN2
15992,OLAH
15993,ZNF493
15994,PRAMEF19
15995,OR52B6
15996,ZFP37
15997,TRDV3
15998,GPR85
15999,OR6F1
16000,HERC3
16001,MRPS33
16002,OR4D9
16003,EML5
16004,ZNF37A
16005,KLRF1
16006,RNF17
16007,MEA1
16008,ABHD12B
16009,ACAD8
16010,RNF215
16011,DCAKD
16012,FAM9B
16013,SSUH2
16014,CNFN
16015,OR10P1
16016,MARS2
16017,MYOZ3
16018,ZUP1
16019,DUXB
16020,DENND5B
16021,OR2L3
16022,OR51F1
16023,IGHV3OR15-7
16024,PPIAL4F
16025,ZFP92
16026,MFSD14CP
16027,ZNF506
16028,MAS1L
16029,PRAMEF8
16030,SPATA16
16031,NSUN5P2
16032,GLB1L2
16033,PGC
16034,OR10D4P
16035,SMPX
16036,ZNF729
16037,AMY2B
16038,LIN52
16039,HYI
16040,BCL2L15
16041,NPIPB3
16042,ZNF728
16043,VWCE
16044,IGLV2-18
16045,KLC4
16046,PRAMEF33
16047,BICDL2
16048,VOPP1
16049,ZNF283
16050,HS1BP3
16051,TBATA
16052,FBXO40
16053,DPY19L1
16054,GLYATL1B
16055,ZNF525
16056,ZNF718
16057,PAAF1
16058,ANGPTL2
16059,PHF11
16060,OR2B11
16061,CTAGE15
16062,OR8S1
16063,ANKHD1
16064,PCDHB15
16065,PCDHGA4
16066,TSNAXIP1
16067,SHC2
16068,ABHD13
16069,TDRP
16070,MSL3P1
16071,DCHS2
16072,PDCD7
16073,TMEM204
16074,OR6C65
16075,CD101
16076,COL6A6
16077,CTAGE4
16078,DUX4L5
16079,ZNF519
16080,DPPA2
16081,ZNF7
16082,GPR162
16083,RRN3P2
16084,SRFBP1
16085,OR9A4
16086,GGNBP1
16087,VN1R4
16088,OR1I1
16089,SLCO6A1
16090,VEPH1
16091,COX7B2
16092,OSTC
16093,PLPPR3
16094,TGIF2LX
16095,NMES1
16096,OR2T4
16097,OR2F1
16098,ZNF250
16099,TANC2
16100,SLC25A52
16101,PTOV1
16102,ZNF721
16103,OR4S1
16104,OR52E6
16105,ZNF761
16106,OR4A47
16107,SPINK13
16108,ZNF790
16109,DUX5
16110,RUSC2
16111,DPH5
16112,IGKV6-21
16113,OR9G9
16114,NTMT2
16115,CCIN
16116,PJA1
16117,JSRP1
16118,KRTAP4-7
16119,PLEKHA8P1
16120,TSGA10
16121,ZNF799
16122,ZNF99
16123,OR2W1
16124,TMCC2
16125,ZNF416
16126,LAIR1
16127,GOLGA8DP
16128,ARMH3
16129,OR4L1
16130,MTRF1L
16131,ZNF714
16132,DNAJB5
16133,AOPEP
16134,BTLA
16135,GNG11
16136,THUMPD2
16137,KIAA1755
16138,RXFP3
16139,IGHV1-18
16140,H2BC20P
16141,ZNF185
16142,MS4A7
16143,ZNF680
16144,ASB7
16145,AMZ2
16146,HIBCH
16147,SNED1
16148,ELMOD3
16149,ZNF818P
16150,ZNF674
16151,IGLV5-45
16152,GNG10
16153,OR56A4
16154,CEP78
16155,SPSB3
16156,FGGY
16157,RSPRY1
16158,ELFN2
16159,ZMYND19
16160,IGHV4-4
16161,ADGRA3
16162,TMPRSS5
16163,LAD1
16164,ZNF444
16165,TAF11L2
16166,ZNF671
16167,TTC1
16168,TAF11L14
16169,ZNF112
16170,SLC25A40
16171,RBM26
16172,HS6ST3
16173,SALL3
16174,SPRR2B
16175,KCNH8
16176,ZNF708
16177,MFSD3
16178,TMEM174
16179,TCAF1
16180,OR10A7
16181,ANP32CP
16182,MPC1L
16183,CTAGE1
16184,ZNF565
16185,SPEM1
16186,CLDN34
16187,FLACC1
16188,KCNU1
16189,DDAH2
16190,ZNF616
16191,DUX4L7
16192,LRTM1
16193,SRBD1
16194,IGLV4-69
16195,IGFN1
16196,ZNF257
16197,TRBV19
16198,RGS9BP
16199,OR4C11
16200,AMER3
16201,RPS4Y2
16202,ZNF723
16203,KLF18
16204,ADGRD2
16205,GAL3ST2
16206,CNPY2
16207,DTWD2
16208,MBD3L1
16209,ISLR2
16210,LOC122539214
16211,TCL1B
16212,CAPN12
16213,GAPT
16214,VXN
16215,PPP1R16A
16216,GPR156
16217,TMEM86A
16218,ZC3H7A
16219,CD300C
16220,COX18
16221,DPY19L3
16222,MND1
16223,ARPP21
16224,PI16
16225,UGT2A2
16226,ZNG1F
16227,GOLGA8J
16228,DENND10P1
16229,URGCP
16230,ZNF582
16231,SNX22
16232,PSG5
16233,FAM114A2
16234,DUSP28
16235,OR2T8
16236,IGKV2-24
16237,H2AP
16238,EIF1AY
16239,POM121L2
16240,TRBV6-1
16241,ZSCAN5C
16242,CCNYL2
16243,PRAMEF17
16244,PHACTR2
16245,NOPCHAP1
16246,CLEC4F
16247,ZNF793
16248,ZNF879
16249,SERHL2
16250,PRELID3B
16251,GGTA1
16252,DPY19L2P2
16253,KRTAP6-1
16254,EFR3A
16255,SYCP2L
16256,MUC12
16257,HECTD3
16258,SDHAF3
16259,DNAAF3
16260,PDZK1P1
16261,ZSCAN5DP
16262,EPM2A
16263,ZNF484
16264,SLC22A10
16265,A0A2R8Y5M8
16266,WDR20
16267,GOLGA6D
16268,ZNF681
16269,OR2V2
16270,TRBV6-6
16271,AMZ1
16272,SLC13A4
16273,CSTL1
16274,MTRNR2L12
16275,CHCHD7
16276,TAF11L4
16277,FOCAD
16278,OXNAD1
16279,RBMXL1
16280,GPR182
16281,ANKRD49
16282,CLEC3A
16283,CD300E
16284,USP31
16285,IGHV1-69D
16286,MTFR1L
16287,CCNYL3
16288,AHSA2P
16289,ELOF1
16290,ZNF814
16291,C11orf24
16292,GUCA2B
16293,IGHV5-10-1
16294,ART5
16295,URAD
16296,YAE1
16297,RBM6
16298,ZNF749
16299,FAM86B2
16300,RCBTB2
16301,ZNF682
16302,C1QTNF9
16303,ZNF730
16304,TMEM144
16305,DNASE2B
16306,CFAP68
16307,MTRNR2L13
16308,RTL10
16309,MAGEB18
16310,TMCO3
16311,TRBV12-4
16312,BLTP2
16313,TAAR9
16314,PPP1R18
16315,RCN2
16316,DDX43
16317,TSPAN3
16318,SERP2
16319,ISOC1
16320,CELA3A
16321,CTRB1
16322,PUSL1
16323,IGBP1C
16324,NMS
16325,GOLGA8K
16326,PRAMEF15
16327,MST1L
16328,TLCD4
16329,TMEM170B
16330,METTL15
16331,IGSF10
16332,CEBPZ
16333,H2BN1
16334,NPIPA1
16335,LIPM
16336,UGT2B17
16337,L2HGDH
16338,PABPN1L
16339,C2orf83
16340,MAP7D1
16341,TRBV3-1
16342,C19orf18
16343,CWF19L1
16344,PODXL2
16345,TSPAN17
16346,ATAD3C
16347,NIPSNAP1
16348,PATE4
16349,COA7
16350,TNRC18
16351,GPR19
16352,KIR2DS1
16353,ADGRG4
16354,TAAR5
16355,GOT1L1
16356,PCDHGA11
16357,SH3BGRL2
16358,SMIM45
16359,TAAR3P
16360,TMEM187
16361,HOXC12
16362,TRAV38-1
16363,MYCLP1
16364,ARSD
16365,PRICKLE2
16366,LRRC17
16367,PMFBP1
16368,CERS4
16369,PSG11
16370,ASB6
16371,HEBP1
16372,TRBV16
16373,UQCR11
16374,TCTA
16375,NIPAL4
16376,TRHR
16377,NIPSNAP3A
16378,FAM13A
16379,MALRD1
16380,DEFB115
16381,ITPRID2
16382,OTOP2
16383,UBE2NL
16384,THAP3
16385,PPP1R17
16386,B3GLCT
16387,FKBP11
16388,ALG11
16389,PCDHAC1
16390,P2RY8
16391,RFESD
16392,GPR152
16393,LOC122319436
16394,CPA5
16395,ARMC3
16396,HHIPL1
16397,KRTAP1-5
16398,SSR2
16399,GLB1L
16400,NANOGP1
16401,CPHXL2
16402,JKAMP
16403,CDR2L
16404,TMEM37
16405,FNDC4
16406,MTRNR2L4
16407,THAP6
16408,OR51G1
16409,SNURF
16410,CHURC1
16411,CPA6
16412,NIPA2
16413,DENND6A
16414,OGFOD2
16415,PCDHB1
16416,IFRD2
16417,ARMH4
16418,DEFB112
16419,PCDHGA5
16420,MTRNR2L11
16421,CEACAM16
16422,NNAT
16423,TMC5
16424,TCP11X1
16425,EXOC3L4
16426,IGHV3-33
16427,ADAMTSL1
16428,GPR87
16429,SHKBP1
16430,CD300LD
16431,HNRNPCL2
16432,LAPTM4A
16433,SPEM3
16434,TCF19
16435,CDYL2
16436,FAM149B1
16437,FADS6
16438,TNFAIP8L1
16439,OR11H4
16440,IGLV3-9
16441,MTRNR2L10
16442,BDP1
16443,AGAP7P
16444,CCDC63
16445,GOLGA8T
16446,IGLL5
16447,CATSPERE
16448,TRBV7-6
16449,ENGASE
16450,SUPT20HL2
16451,TMEM120B
16452,GOLGA8G
16453,LRRC3B
16454,DYTN
16455,ZNF833P
16456,TRBV7-2
16457,TMEM229B
16458,RAMACL
16459,SPMIP4
16460,DPH6
16461,CABP7
16462,NT5DC3
16463,PCDHA11
16464,OSGEPL1
16465,SPACA7
16466,TMEM87B
16467,CLEC2A
16468,MRGPRX3
16469,SLC22A25
16470,KHDC1
16471,NPW
16472,CEP95
16473,RMND1
16474,DCAF4
16475,XKR6
16476,TP53AIP1
16477,CFAP251
16478,SCML1
16479,UGT2B10
16480,SLC25A39
16481,ETNPPL
16482,FSCB
16483,FAM86C1P
16484,LDAF1
16485,GPRIN1
16486,ARMC7
16487,LONRF3
16488,THAP2
16489,MPP3
16490,TRBV9
16491,ITIH5
16492,PRAF2
16493,MTRNR2L8
16494,IGHV3OR16-9
16495,RETNLB
16496,SAGE1
16497,GPR25
16498,GLYATL1
16499,TCP11X2
16500,POMZP3
16501,TMEM259
16502,RASSF6
16503,MRGPRF
16504,MTRNR2L1
16505,RETSAT
16506,MS4A6E
16507,METTL2B
16508,NOL10
16509,C21orf62
16510,CCDC136
16511,MBD3L2B
16512,C18orf32
16513,GPR45
16514,ZNF507
16515,GOLGA6C
16516,PMS2P5
16517,C16orf89
16518,TRBV6-9
16519,GLIPR1
16520,DISP2
16521,OPALIN
16522,TRBV11-3
16523,CCDC110
16524,EBPL
16525,PCDHA13
16526,TRBV4-3
16527,ERVH48-1
16528,ECHDC1
16529,ARL16
16530,TAS2R19
16531,FER1L6
16532,GKAP1
16533,GPATCH2
16534,SMIM14
16535,DEPDC1B
16536,LOC102724159
16537,HIGD2B
16538,LONRF2
16539,TRBV7-8
16540,KLHL6
16541,CHCHD5
16542,VN1R5
16543,KIAA1191
16544,TMEM95
16545,PILRB
16546,GALNTL5
16547,RLN1
16548,TRBV14
16549,CACNA2D3
16550,TGM7
16551,SPMIP7
16552,WDR70
16553,TAS2R41
16554,MEMO1
16555,AGAP5
16556,BEND5
16557,ANKRD24
16558,FXYD6P3
16559,OMG
16560,TRBV5-6
16561,KRTAP5-9
16562,FBXL8
16563,GOLGA8IP
16564,S100A7L2
16565,HPDL
16566,RABL2A
16567,OPRPN
16568,FKSG35
16569,GOLGA6B
16570,HCAR3
16571,NIPAL3
16572,TRBV6-7
16573,CIB3
16574,ECHDC3
16575,GOLGA8CP
16576,CMBL
16577,PRAMEF22
16578,GIMAP5
16579,C22orf39
16580,GANC
16581,ZMAT4
16582,XKR7
16583,NEURL4
16584,ASPRV1
16585,FABP9
16586,OTULINL
16587,GOLGA8H
16588,AKR7L
16589,PCDH7
16590,FIMP
16591,C6orf15
16592,FABP12
16593,FDXACB1
16594,RSBN1
16595,HEATR3
16596,TRBV2
16597,PCDHGA12
16598,COMMD5
16599,SUSD5
16600,MATCAP2
16601,APOBEC4
16602,TMEM80
16603,FAM9C
16604,TRBV5-8
16605,MTRNR2L3
16606,BEX5
16607,KRTAP3-2
16608,ADGRF2P
16609,CGB1
16610,ERVK-16
16611,LRRC27
16612,RHPN1
16613,CSAG1
16614,FAM83G
16615,LRRC23
16616,IGKJ1
16617,ACTR3C
16618,AKIP1
16619,RNFT2
16620,PCDHGB6
16621,SMIM20
16622,TCEAL7
16623,KIAA1217
16624,UGT2B4
16625,LINGO4
16626,SUN3
16627,SNN
16628,OTOR
16629,DHRS1
16630,FAM13B
16631,DHRSX
16632,FSD2
16633,RASGEF1C
16634,ELMOD2
16635,ADGRG5
16636,DNAJC18
16637,HS3ST6
16638,NECAP2
16639,PCDHGA2
16640,UBXN11
16641,TMEM168
16642,CCDC146
16643,CPA4
16644,CRTAC1
16645,SPMIP5
16646,DYNLT5
16647,TPGS2
16648,CFAP300
16649,TRBV24-1
16650,FAM120B
16651,TBC1D3
16652,FCGBP
16653,GNB1L
16654,PCMTD2
16655,PI15
16656,TAS2R60
16657,TRAV2
16658,YIPF7
16659,GARIN4
16660,TLCD3A
16661,MBD3L4
16662,SMG8
16663,TRBV30
16664,PLPP7
16665,MTRNR2L2
16666,RASL11B
16667,TRBV13
16668,DCAF16
16669,LRRN3
16670,ITIH6
16671,LINGO2
16672,ADGRF3
16673,NPVF
16674,GGTLC3
16675,USP41
16676,SLC22A31
16677,RRP7BP
16678,GIGYF1
16679,CALHM6
16680,FBXO30
16681,TMEM9B
16682,PLEKHG2
16683,TVP23A
16684,C2orf69
16685,RNF223
16686,PVRIG
16687,TRBV5-1
16688,MTRNR2L7
16689,HCAR1
16690,LRRC47
16691,FCRL1
16692,CCDC50
16693,CALHM2
16694,PCDHGB3
16695,ASB16
16696,MARCOL
16697,FBXL16
16698,IFT70A
16699,ECI1
16700,NOL12
16701,A0A0G2JPB7
16702,SULT6B1
16703,TIMMDC1
16704,CST9L
16705,AVL9
16706,PCDHB18P
16707,DNAJC4
16708,ARSH
16709,SUMF2
16710,NIPAL1
16711,TMPPE
16712,GOLGA8M
16713,RHD
16714,BRICD5
16715,FAM220BP
16716,ARHGEF39
16717,TMEM260
16718,CEP85L
16719,ADCK5
16720,ZCCHC9
16721,SPATA9
16722,ARRDC5
16723,BPIFC
16724,AAR2
16725,PROCA1
16726,SCFD2
16727,MAP3K19
16728,RALGAPB
16729,MAGEA6
16730,IQCE
16731,TSC22D2
16732,FADS2B
16733,PPP1R14C
16734,RGPD2
16735,PMS2P2
16736,CD200R1L
16737,PCDHGA1
16738,GDPD4
16739,ZNF407
16740,TRBV6-8
16741,CYB5RL
16742,SLC45A4
16743,LMNTD1
16744,PRRG3
16745,SLC25A28
16746,SETD9
16747,PGPEP1
16748,TMEM117
16749,MUC15
16750,CCDC28B
16751,DPH7
16752,GOLGA8R
16753,SPANXC
16754,PCDH20
16755,HIGD1C
16756,TTI2
16757,ZCCHC14
16758,GPN3
16759,TRGV2
16760,COX4I2
16761,PRRC1
16762,NAT2
16763,TMEM190
16764,RGPD1
16765,ZFYVE21
16766,ADAM33
16767,IGSF5
16768,VSIG10L2
16769,TMC4
16770,PRSS58
16771,KRTAP3-1
16772,NEPRO
16773,KRTAP11-1
16774,ODF4
16775,CHAD
16776,HSF5
16777,SPDYC
16778,GJA9
16779,TMPRSS11B
16780,FRRS1
16781,TRBV12-5
16782,DUX3
16783,ARMCX1
16784,SLC5A4
16785,THUMPD1
16786,HNRNPCL1
16787,PRELID2
16788,GREB1
16789,ZNF862
16790,TRBV11-1
16791,TMEM134
16792,RALYL
16793,SSR4
16794,AMELY
16795,IGSF6
16796,RPRM
16797,TAGLN
16798,IQCN
16799,TBC1D1
16800,TRMT44
16801,PRRG1
16802,TVP23B
16803,TEX28
16804,TRBV6-2
16805,KRTAP1-1
16806,ISLR
16807,PROKR1
16808,TRBV7-1
16809,RGPD4
16810,NEURL2
16811,ADAT1
16812,C1QTNF2
16813,FAIM
16814,NSUN5P1
16815,GARIN5A
16816,KRTAP26-1
16817,SLC22A20P
16818,PRRG2
16819,TRBV10-3
16820,MTFR2
16821,TEDC1
16822,GGTLC1
16823,SLC25A53
16824,COX20
16825,ELAVL2
16826,MEGF6
16827,KRTAP4-5
16828,HSD11B1L
16829,SCD5
16830,CLEC2B
16831,AGAP11
16832,TGDS
16833,KLRC4
16834,WFDC11
16835,TMEM167B
16836,PIGBOS1
16837,CRACD
16838,ZCCHC12
16839,TRPM3
16840,GPR34
16841,CA5BP1
16842,TMEM91
16843,PCDHA5
16844,TBC1D3F
16845,BRWD3
16846,VWDE
16847,FRMD1
16848,HERPUD2
16849,KLK9
16850,IFIT1B
16851,NANOGNB
16852,PRSS36
16853,C1QTNF8
16854,IQCA1L
16855,IGHD1-1
16856,CFAP161
16857,ANO8
16858,PRPF38B
16859,OVCH1
16860,ATP5MJ
16861,RNF44
16862,COMMD6
16863,UQCC5
16864,SLC7A6OS
16865,TRBV4-2
16866,KRI1
16867,TBC1D3G
16868,LRFN1
16869,PCDHGA8
16870,NHLRC2
16871,MYBPHL
16872,HYKK
16873,METTL2A
16874,TRAFD1
16875,DGLUCY
16876,RBMXL2
16877,ACCSL
16878,MUCL3
16879,FAM171A1
16880,TTLL10
16881,ANTXRL
16882,PTRH1
16883,SPANXB1
16884,RAI2
16885,TECPR2
16886,BTNL3
16887,FBXO24
16888,NRM
16889,SMR3A
16890,TTC12
16891,TRAV27
16892,LYPD2
16893,ZMYM5
16894,PDXDC2P
16895,TRBV10-2
16896,DEFB126
16897,TMCO6
16898,PCDHA3
16899,ASB13
16900,LIPN
16901,FAM220A
16902,CYP2G1P
16903,ATP5MK
16904,LONRF1
16905,TXNDC16
16906,LRRFIP2
16907,MS4A6A
16908,RBIS
16909,GPR42
16910,FAM110B
16911,EVI5L
16912,DYDC1
16913,RAVER1
16914,TPD52L2
16915,SMIM43
16916,TBC1D22A
16917,RNF24
16918,TRBV7-3
16919,DCDC2B
16920,VSIG10
16921,IQCF1
16922,EMP3
16923,KIR2DS5
16924,BPIFB4
16925,PERM1
16926,SDF2
16927,ICAM4
16928,KCNT1
16929,FAM168B
16930,GPA33
16931,RPRD2
16932,FRYL
16933,CWF19L2
16934,MUC3A
16935,TRBV5-5
16936,PRR11
16937,PPP2R2C
16938,LRCOL1
16939,TRBV18
16940,CD37
16941,TMEM198
16942,TRBV10-1
16943,CRYGA
16944,MIA
16945,UBQLN3
16946,CAPN14
16947,PSD4
16948,PCDHA9
16949,CNTNAP3
16950,OTOP3
16951,MCRIP2
16952,TMEM47
16953,RELL1
16954,DMAC2
16955,TRBV29-1
16956,MRGPRD
16957,SAMD9L
16958,RNF225
16959,DEF8
16960,AGAP4
16961,TMEM143
16962,NDUFAF3
16963,GTPBP6
16964,FAM53B
16965,TRAV14DV4
16966,CCSER2
16967,KLHL31
16968,PYROXD2
16969,KRBA2
16970,IPO13
16971,A2ML1
16972,DRC3
16973,FKBP9
16974,MAMSTR
16975,ZNF853
16976,C2CD4B
16977,SPATA31A7
16978,RGPD5
16979,DEFB131A
16980,EHBP1L1
16981,SCAMP4
16982,UGT2A3
16983,MEGF11
16984,RSPH14
16985,CISD3
16986,PGAP2
16987,SPACA1
16988,PCDHA8
16989,SH3D21
16990,BZW2
16991,GOLGA8N
16992,GDF1
16993,SERTAD3
16994,RCBTB1
16995,MAGEB4
16996,OCEL1
16997,GGN
16998,MTRNR2L9
16999,LYPD5
17000,SSBP4
17001,SLC35F1
17002,SPANXA1
17003,FAM120A
17004,CLASRP
17005,PRSS27
17006,AGBL3
17007,WFDC10A
17008,LY6G5B
17009,OST4
17010,ARSF
17011,MS4A3
17012,FABP5P3
17013,NACA4P
17014,MYCT1
17015,OIT3
17016,SERF2
17017,PRSS53
17018,LOC102723996
17019,XNDC1N
17020,COX14
17021,TRBV25-1
17022,TRBV11-2
17023,RPS26P11
17024,HS3ST1
17025,CDIN1
17026,IFI44L
17027,TRBV7-4
17028,PCDHGB7
17029,TRBV20-1
17030,CEACAM19
17031,ASB8
17032,COX6A2
17033,TMEM150B
17034,S100Z
17035,TASOR2
17036,HERC2P3
17037,GOLGA8S
17038,TRBV6-4
17039,IGSF3
17040,PCDHB7
17041,KRTAP6-2
17042,IGLJ1
17043,SPATA25
17044,STAP2
17045,TIMM23B
17046,TRBV17
17047,PCDHGA10
17048,SNX21
17049,PILRA
17050,NUDCD1
17051,DENND2D
17052,SAA2
17053,SSBP2
17054,SLC35G2
17055,LYPD4
17056,TRBV4-1
17057,PPP1R2P1
17058,GULP1
17059,RBMXL3
17060,SCML4
17061,RFTN2
17062,LGALS16
17063,INKA1
17064,RNPEPL1
17065,CPHXL
17066,PHRF1
17067,GTPBP8
17068,CRAMP1
17069,FKBP14
17070,DEFB121
17071,BLCAP
17072,PXT1
17073,ERI2
17074,TRGV4
17075,BTNL10P
17076,MBD3L5
17077,LRRC61
17078,PYURF
17079,CCZ1B
17080,GFOD1
17081,UBE2U
17082,ARGLU1
17083,NRGN
17084,PIPSL
17085,INE1
17086,TMEM132E
17087,KCNRG
17088,ANKRD50
17089,PALD1
17090,RIMOC1
17091,S100PBP
17092,SPNS3
17093,BPIFB2
17094,MTRNR2L6
17095,ENO4
17096,CD300LB
17097,LYPD6B
17098,MOSPD3
17099,NUDT16L1
17100,SLC23A3
17101,ZNF200
17102,EPB41L4A
17103,ST7
17104,PNRC1
17105,SNTN
17106,GSTCD
17107,KRTAP3-3
17108,GPX6
17109,LANCL3
17110,FER1L5
17111,TRBV23-1
17112,CRYBB3
17113,ZNF385C
17114,MTMR10
17115,HMGB1P1
17116,TMEM256
17117,ARFGEF3
17118,BPY2
17119,LY6G5C
17120,AKAP14
17121,CLRN3
17122,ZCCHC2
17123,C3orf62
17124,NAALADL2
17125,ARB2BP
17126,GABPB2
17127,ARMS2
17128,PIANP
17129,RHBDL3
17130,SPATA4
17131,FAM209B
17132,TRBV27
17133,GOLGA8Q
17134,EFCAB2
17135,FUNDC1
17136,MAGEH1
17137,CMIP
17138,GPR78
17139,CTRB2
17140,PLCXD2
17141,PCDHA12
17142,PAAT
17143,ARHGAP20
17144,CCDC102B
17145,TECRL
17146,DEFB108B
17147,TRBV7-7
17148,RLN3
17149,MARCHF10
17150,MFSD14B
17151,HSPB3
17152,LSM14B
17153,FRMD3
17154,NPB
17155,PCDHGA6
17156,ISOC2
17157,MUCL1
17158,SRARP
17159,PAIP2B
17160,BEST4
17161,MSMB
17162,LINGO1
17163,AGAP9
17164,RNASE12
17165,AGAP6
17166,PRKY
17167,EDARADD
17168,PIGS
17169,BTBD2
17170,DPYSL4
17171,DNAJC14
17172,TRBV6-3
17173,PTAR1
17174,MLN
17175,TKTL2
17176,KRTAP29-1
17177,RBM18
17178,TBC1D3D
17179,CCDC12
17180,TRBV6-5
17181,PCDHGA7
17182,ZPLD1
17183,GIPC2
17184,LCORL
17185,CST8
17186,ATRNL1
17187,DIP2C
17188,SYNE4
17189,TGM6
17190,PCDH10
17191,TMEM52B
17192,PGGHG
17193,ERI3
17194,PSD3
17195,CRYBB1
17196,C3orf38
17197,DPY19L4
17198,OPA3
17199,SERPINB11
17200,TRGV5
17201,OVCA2
17202,TMEM184C
17203,TRBV5-4
17204,ENTREP3
17205,TRBV5-3
17206,PAQR6
17207,SPATA31A1
17208,LCE2B
17209,HEMGN
17210,TMEM151A
17211,MAGEB6
17212,TMEM132B
17213,DCAF10
17214,TRAV25
17215,DTWD1
17216,LMF2
17217,HSH2D
17218,TRGV8
17219,HDDC2
17220,LRRC1
17221,B4GALNT3
17222,XKR9
17223,VMAC
17224,TRAM1L1
17225,CGB2
17226,FAM151B
17227,IGFL3
17228,CCDC198
17229,NBEAL1
17230,CCDC182
17231,VSIG1
17232,TMEM183A
17233,XKR4
17234,GUCA2A
17235,GJB7
17236,PLEKHB2
17237,RGPD3
17238,ALDH16A1
17239,RNF227
17240,TMEM268
17241,IGHJ1
17242,VSTM2L
17243,FBXO28
17244,ASPDH
17245,PRR19
17246,MCEMP1
17247,VMO1
17248,FAM114A1
17249,ASB5
17250,HPCAL4
17251,KRTAP4-8
17252,LRRC34
17253,SAAL1
17254,CERCAM
17255,RSBN1L
17256,TRMO
17257,C1GALT1C1L
17258,MAFIP
17259,LRATD1
17260,TBC1D9
17261,SPMIP9
17262,PRSS38
17263,GAB3
17264,SELENOW
17265,DCST2
17266,SSR3
17267,KNOP1
17268,CPAMD8
17269,TM6SF1
17270,ACTRT3
17271,MINDY4
17272,CLBA1
17273,CZIB
17274,SMIM46
17275,ITLN2
17276,CASD1
17277,NDUFAF8
17278,IFI27L2
17279,MARCHF11
17280,TMEM116
17281,ZBTB44
17282,MFSD4A
17283,PIGO
17284,CCDC85C
17285,TRBV5-7
17286,GPATCH11
17287,ATPAF1
17288,MFSD6
17289,CTRC
17290,ELAVL3
17291,MTCP1
17292,RSPH10B2
17293,GAGE7
17294,PSORS1C2
17295,USP17L23
17296,TMC3
17297,PPP1R14A
17298,AKR1E2
17299,TAS2R36
17300,WBP1
17301,LGALS14
17302,METTL21EP
17303,NAT9
17304,SATL1
17305,UBL4B
17306,MKRN4P
17307,TRAV12-3
17308,SPATA20
17309,CYYR1
17310,MAGEB10
17311,KRTAP10-10
17312,KRTAP8-1
17313,ACTMAP
17314,GASK1A
17315,COL20A1
17316,DSCR4
17317,PTCHD4
17318,FBXO39
17319,ZNF747
17320,KLHL36
17321,MAGEA8
17322,HS6ST2
17323,LRCH3
17324,HSFX4
17325,KRTAP9-2
17326,KRTAP12-4
17327,FAM81A
17328,IGKV3OR2-268
17329,CNTN3
17330,UQCC4
17331,KRBA1
17332,PCDHGB2
17333,DNAAF9
17334,GPR75
17335,KRTAP5-4
17336,RAB42
17337,KRTAP17-1
17338,HRES1
17339,FRMPD3
17340,GARIN1B
17341,KRTAP10-6
17342,ZDBF2
17343,CWH43
17344,HDDC3
17345,TMEM132C
17346,LCN9
17347,NALF1
17348,TMEM92
17349,HMGXB3
17350,CRYBG1
17351,DHRS4L2
17352,MPPED1
17353,SLFN5
17354,MANEA
17355,TMEM176A
17356,LINC01558
17357,C8orf90
17358,METTL25B
17359,EOGT
17360,PRSS29P
17361,TMEM130
17362,LMF1
17363,DEFB107A
17364,C1orf50
17365,RNF113B
17366,WT1-AS
17367,RSRP1
17368,VAT1L
17369,KIR3DX1
17370,IGFL2
17371,NOL4L
17372,MAGEB5
17373,NYAP2
17374,TAS2R42
17375,MS4A14
17376,UGT3A2
17377,DHRS13
17378,SPATA31D1
17379,MS4A12
17380,KRTAP9-8
17381,MANSC1
17382,SH3BP2
17383,KRTAP19-7
17384,SERPINA11
17385,PRR16
17386,PROSER3
17387,TRAV12-1
17388,HSPBAP1
17389,NXPH3
17390,GAGE4
17391,XKR5
17392,SPAG7
17393,SPRING1
17394,GDAP2
17395,DLEU7
17396,BTBD7
17397,HGH1
17398,KRTAP4-4
17399,FAM86B1
17400,ACBD4
17401,SAMD12
17402,C14orf119
17403,MFSD11
17404,C6orf52
17405,STARD7
17406,LCN15
17407,TMEM125
17408,LENG1
17409,HMSD
17410,HIGD1B
17411,KRTAP27-1
17412,TRAV35
17413,SPMIP11
17414,PIN1P1
17415,BRI3BP
17416,SEC11B
17417,TCEANC
17418,ANKS3
17419,YDJC
17420,CATR1
17421,DENND6B
17422,SSX5
17423,LCN8
17424,TMEM185A
17425,GNG14
17426,SVOPL
17427,PCNX2
17428,LOC402624
17429,SCGB2A2
17430,B3GALT9
17431,ZMYM1
17432,HPCAL1
17433,NRIP3
17434,TPSD1
17435,NAP1L5
17436,KRTAP19-3
17437,TMEM222
17438,DEFB108A
17439,TSTD2
17440,BPESC1
17441,SCGB2A1
17442,PET100
17443,RSPH3
17444,GPATCH4
17445,MAGEA12
17446,SPATA31E1
17447,NOXRED1
17448,MCHR2
17449,LAMB4
17450,ASPHD2
17451,SCGB3A2
17452,LYZL1
17453,PRR4
17454,CFAP95
17455,SEC14L3
17456,PNMA2
17457,TMEM121
17458,PI4KAP2
17459,FAM174B
17460,COLGALT2
17461,CCDC116
17462,HDHD3
17463,TLNRD1
17464,RTL3
17465,CPVL
17466,EDDM3A
17467,YPEL2
17468,MYOM3
17469,C0HLV8
17470,Q6Q795
17471,AFF1
17472,LCE1A
17473,ADAM5
17474,C21orf140
17475,HECTD2
17476,TATDN2
17477,MFSD9
17478,POM121L1P
17479,CIMAP1D
17480,MXRA7
17481,TAF11L7
17482,GLT1D1
17483,GCNT7
17484,FAM217B
17485,KRTAP12-2
17486,CABLES2
17487,COA4
17488,FAM8A1
17489,TRMT13
17490,FRMD8P1
17491,SMCO4
17492,SSX4
17493,GLOD4
17494,CLEC19A
17495,ZSWIM6
17496,KRTAP4-2
17497,DCAF12L1
17498,TM4SF1
17499,ZNF861P
17500,KRTAP2-3
17501,CALHM4
17502,C1QTNF6
17503,FBXL18
17504,AAMDC
17505,LMNTD2
17506,RSPH10B
17507,GPR82
17508,NXPH2
17509,TRAV13-1
17510,PAPLN
17511,TSR2
17512,GYPC
17513,TMEM131
17514,TRAV4
17515,DHRS4L1
17516,KRTAP9-3
17517,SIKE1
17518,SMIM24
17519,PRB1
17520,LCA5L
17521,PLEKHO2
17522,DEFB129
17523,LRRC40
17524,KRTAP15-1
17525,CCDC89
17526,GAGE1
17527,KCNQ1DN
17528,FGFR1OP2
17529,MAP3K7CL
17530,ABHD14A
17531,KCTD15
17532,TTC23
17533,TRAV1-2
17534,ZFTRAF1
17535,KRTAP2-4
17536,SMIM44
17537,CAPN13
17538,SYCE1L
17539,TAAR2
17540,C3orf84
17541,VCX2
17542,NAT1
17543,TAF11L6
17544,TAAR1
17545,EXOC3L2
17546,ANKRD33
17547,EEF1DP3
17548,PLCXD1
17549,CCDC187
17550,ECHDC2
17551,KLHDC9
17552,P3R3URF
17553,SERHL
17554,LINC00470
17555,KRTAP6-3
17556,TBC1D3C
17557,CCDC9
17558,UBAP1L
17559,KTI12
17560,EVI2A
17561,P2RY10
17562,TMEM104
17563,SSX3
17564,MRGPRX4
17565,KRTAP19-2
17566,CST9
17567,TRDV2
17568,AKR1C8
17569,ZNF385D
17570,VWA7
17571,DEFB135
17572,SPACA6
17573,TRAV30
17574,MTCL3
17575,SLC35F2
17576,ANKRD28
17577,SBSN
17578,SAP25
17579,CASKIN2
17580,PLIN4
17581,ASB17
17582,GSG1
17583,CRYGN
17584,MB21D2
17585,CFAP90
17586,LYZL2
17587,SPHKAP
17588,KRTAP24-1
17589,PRRC2B
17590,TM2D3
17591,GPR146
17592,VSIG8
17593,ACP7
17594,PGAP4
17595,TTMP
17596,FTCDNL1
17597,CST9LP1
17598,KRTAP4-3
17599,SRL
17600,C0HM83
17601,SH2D4A
17602,PRB4
17603,KRTAP5-2
17604,IQCH
17605,NLRP8
17606,KRT222
17607,MIR9-1HG
17608,C2CD2
17609,GSTT4
17610,OLFML3
17611,DDIT4L
17612,NUTM1
17613,MRGPRE
17614,TBC1D22B
17615,CIB4
17616,CCDC90B
17617,ALG1L2
17618,ZFAND3
17619,RASSF4
17620,TMEM276
17621,CEFIP
17622,DEFB116
17623,C11orf97
17624,TIGD7
17625,GLB1L3
17626,COX8C
17627,SLC7A5P2
17628,LRRC3C
17629,CELA3B
17630,MDP1
17631,FKBP9P1
17632,CCDC59
17633,FBXO48
17634,KRTAP19-1
17635,FER1L4
17636,LAIR2
17637,ZNRD2
17638,CFAP46
17639,MCTS2
17640,LINC-PINT
17641,SLC9B1P1
17642,TRAV5
17643,TSPAN13
17644,KRTAP16-1
17645,DMKN
17646,ST13P4
17647,TMEM68
17648,C6orf120
17649,TAS2R45
17650,KRTAP13-2
17651,CACHD1
17652,CLUH
17653,KRTAP19-4
17654,MTRF1
17655,LRIT1
17656,CFAP276
17657,FBXW10B
17658,FBXO15
17659,TBC1D3L
17660,CCDC172
17661,TEX9
17662,FGFBP2
17663,LRRTM4
17664,CREG2
17665,SPMIP8
17666,CCDC174
17667,BEND7
17668,SPATA31C2
17669,PCDH11X
17670,GARIN3
17671,DEFB131B
17672,KRTAP5-3
17673,LHFPL3
17674,PHYHIP
17675,SPATA31D3
17676,CCDC85A
17677,KRTAP5-11
17678,SLC22A18AS
17679,FAM156A
17680,TMEM262
17681,PLEKHH3
17682,SFI1
17683,AGR3
17684,TBC1D3H
17685,PRSS47P
17686,NICN1
17687,KRTAP12-3
17688,MAGEA9
17689,LEAP2
17690,LSM12
17691,CARD6
17692,SCAND1
17693,UFSP1
17694,CCDC106
17695,TMEM207
17696,TMEM106C
17697,INSYN1
17698,KIAA0930
17699,THNSL1
17700,TEX13A
17701,ERICH3
17702,KRTAP13-3
17703,JAKMIP3
17704,C19orf47
17705,TSPAN10
17706,MSLNL
17707,CALHM5
17708,PLSCR5
17709,SPAG11A
17710,PPP4R1L
17711,ATXN7L3B
17712,ERVW-1
17713,NXPE4
17714,SCAND2P
17715,ANKRD39
17716,LRRC39
17717,KRTAP4-11
17718,TMEM178A
17719,NLRP13
17720,KRTAP5-7
17721,TMIE
17722,KHDC1L
17723,EDRF1
17724,INS-IGF2
17725,KRTAP10-8
17726,PLAC1
17727,NALF2
17728,LPAL2
17729,JRKL
17730,YPEL3
17731,FBXO33
17732,WSB2
17733,FAM215A
17734,PRB2
17735,SUSD6
17736,TBC1D3I
17737,TMEM184B
17738,SBSPON
17739,GIG44
17740,C1orf210
17741,GPR180
17742,EML6
17743,PNLIPRP3
17744,NDUFC2-KCTD14
17745,SPATA31A3
17746,RESP18
17747,DSCR10
17748,POLGARF
17749,ARMC2
17750,PBDC1
17751,SEC14L4
17752,TRAV36DV7
17753,TRAV12-2
17754,CALML3
17755,LYRM2
17756,COMMD8
17757,KRTAP21-2
17758,ERMARD
17759,SPO16
17760,SYNPR
17761,MUC19
17762,MENT
17763,TCERG1L
17764,OTOS
17765,TMCO2
17766,ACBD7
17767,SPACDR
17768,CORO2A
17769,TTC9B
17770,FBXL6
17771,DMAC1
17772,CYRIA
17773,DEFB113
17774,KRTAP5-6
17775,CDCP1
17776,C6orf163
17777,PRB3
17778,KRTAP10-4
17779,SDR42E1
17780,CNPY4
17781,LRRC49
17782,DNAJB3
17783,TRAV24
17784,KRTAP23-1
17785,PRR3
17786,RBFA
17787,AQP5-AS1
17788,GUSBP1
17789,PBOV1
17790,NXNL2
17791,THAP8
17792,LINC00474
17793,GAB4
17794,GXYLT2
17795,SCRN3
17796,ACRV1
17797,MAGEA5P
17798,CFAP119
17799,SLC66A1L
17800,AMN1
17801,C12orf4
17802,GUCD1
17803,TPT1P8
17804,MROH7
17805,ANKRD40
17806,RWDD2B
17807,PRIMA1
17808,UBL3
17809,MRFAP1
17810,TCEAL1
17811,ACYP2
17812,SPRYD4
17813,UNC93A
17814,MAGEB3
17815,COBLL1
17816,KRTAP4-9
17817,PHOSPHO2
17818,EPHX4
17819,TMEM242
17820,DEPDC7
17821,IGKV1OR2-108
17822,CC2D2B
17823,TRAV26-1
17824,ANKRD42
17825,TRAV6
17826,LY6G6F
17827,PCDH19
17828,TMEM245
17829,FAM241B
17830,LCE3D
17831,KRTAP10-9
17832,ICA1L
17833,PRSS48
17834,TMEM215
17835,SEPTIN14P20
17836,SPINK4
17837,SIPA1L2
17838,TM4SF4
17839,SERPINA13P
17840,LINGO3
17841,TBC1D3B
17842,KIF25-AS1
17843,TRAV21
17844,GIMAP4
17845,RAD51AP2
17846,FLYWCH2
17847,TAS2R33
17848,MTMR11
17849,UBE3B
17850,TMC7
17851,EFHD2
17852,UBN2
17853,RNASE9
17854,PHF3
17855,MRGPRG
17856,TTC39A
17857,ANKFN1
17858,FAM53C
17859,KRTAP5-1
17860,LENG8
17861,DEFB134
17862,COMMD10
17863,TMUB2
17864,ASB18
17865,ZFR2
17866,FSD1L
17867,TMEM51
17868,CASTOR3P
17869,RAVER2
17870,CFAP144P1
17871,GAS8-AS1
17872,NCBP2L
17873,LIX1L
17874,C2orf42
17875,IQCD
17876,LILRA6
17877,GVINP1
17878,TAF11L8
17879,GCSAML
17880,LRRC43
17881,WIPF2
17882,MCF2L2
17883,C22orf23
17884,TMEM219
17885,CLUL1
17886,GAGE2B
17887,DMRTC1
17888,TBC1D3E
17889,ETFRF1
17890,LINC02914
17891,SLC49A3
17892,TAAR6
17893,CXorf1
17894,SPINK9
17895,PRSS54
17896,TAF11L10
17897,TENT5D
17898,CCDC81
17899,CNBD2
17900,SPATA31C1
17901,JAKMIP2
17902,TMEM101
17903,CFAP96
17904,PRR12
17905,PHYHD1
17906,SPATA31D4
17907,SMAP
17908,PRR13
17909,STEAP1B
17910,TROAP
17911,TRAV17
17912,CPLANE1
17913,TRAV34
17914,ANKMY2
17915,KRTAP12-1
17916,ODAPH
17917,ZER1
17918,DSCR9
17919,SPATS2
17920,NSUN7
17921,COX16
17922,TIGD3
17923,PTCRA
17924,C1QTNF9B
17925,TBC1D3K
17926,ARMC6
17927,PATE1
17928,VCX3A
17929,AADACL2
17930,TRAV10
17931,SLC7A5P1
17932,AFDN-DT
17933,TRAV23DV6
17934,KRTAP9-4
17935,MED13L
17936,CPSF4L
17937,Q9N2K0
17938,CNPY3
17939,ANKRD26
17940,ABCF2
17941,SUPT20HL1
17942,TRAV13-2
17943,TRAV20
17944,HSDL1
17945,AXDND1
17946,METTL24
17947,TMEM145
17948,UBR7
17949,RNASE13
17950,KRTAP10-7
17951,TAAR8
17952,CD82
17953,HMGN2P46
17954,LCN6
17955,PAPPA-AS1
17956,CDHR4
17957,CIMAP1B
17958,TMPRSS9
17959,KRTCAP2
17960,SLC7A4
17961,MORN3
17962,ACBD6
17963,OTUD1
17964,RIG
17965,NKAIN1
17966,C1orf115
17967,DSCR8
17968,MEDAG
17969,NXPH4
17970,KRTAP10-5
17971,LEG1
17972,PAQR9
17973,RELCH
17974,CFAP144
17975,TRAV26-2
17976,FAM72A
17977,MAGEC1
17978,SAXO4
17979,PPP1R26
17980,LIPJ
17981,GLT8D2
17982,GLYATL3
17983,TMEM54
17984,CFAP299
17985,TIGD5
17986,KRTAP4-12
17987,TMPRSS7
17988,TIGD4
17989,C8orf88
17990,SMIM11
17991,ZNF608
17992,ASB14
17993,OCM
17994,TATDN3
17995,LIX1
17996,KANK3
17997,PVALEF
17998,LCN12
17999,TMEM164
18000,FAM174C
18001,TNXA
18002,TMEM88B
18003,DPPA5
18004,KRTAP4-1
18005,LENEP
18006,RRP15
18007,KIR3DL2
18008,SERTM1
18009,PDZK1IP1
18010,NKAIN4
18011,ANKRD30B
18012,RPL39P5
18013,TSPAN31
18014,OOSP2
18015,MIIP
18016,PTPRCAP
18017,MUC21
18018,LRATD2
18019,CORO6
18020,TOP6BL
18021,SDIM1
18022,TRAV7
18023,SH2D6
18024,BCAS1
18025,INSYN2A
18026,HAGHL
18027,DEFB123
18028,PALM2AKAP2
18029,SFTA2
18030,CASKIN1
18031,FAHD2A
18032,IPP
18033,TSKS
18034,INSL6
18035,FAM72D
18036,LAS2
18037,TMEM138
18038,TRAV39
18039,KPRP
18040,FJX1
18041,APCDD1L
18042,GPR153
18043,MANEAL
18044,Q7L0L9
18045,OXGR1
18046,NCKAP5
18047,C5orf46
18048,SSX7
18049,GID4
18050,DNAAF8
18051,ASDURF
18052,MAGEB2
18053,TMEM218
18054,MAGED4
18055,GPRIN2
18056,SSX2
18057,ATP6AP1L
18058,SHISA3
18059,TCEANC2
18060,DEFB125
18061,LRRC56
18062,DEFB105A
18063,HNRNPA1L3
18064,TULP4
18065,GPR26
18066,BLTP3A
18067,GYPB
18068,TMEM205
18069,RPS10P5
18070,DBNDD2
18071,KRTAP19-6
18072,NIPAL2
18073,KRTAP19-5
18074,TAS2R20
18075,GNG5B
18076,TMEM183BP
18077,CTAG1A
18078,TMEM114
18079,ABHD8
18080,TMEM128
18081,GARNL3
18082,METTL15P1
18083,IL17REL
18084,IGDCC3
18085,RIMBP2
18086,NPTXR
18087,ZCCHC10
18088,TCP11L1
18089,GLT8D1
18090,ANGPTL5
18091,KRTAP10-11
18092,SPANXD
18093,FSBP
18094,ZSWIM5
18095,ERVFRD-1
18096,PRSS51
18097,PSMG4
18098,COA5
18099,TTPAL
18100,TMEM161B
18101,R3HDM2
18102,VCX3B
18103,B4GALNT4
18104,CTAG2
18105,MRLN
18106,SERPINE3
18107,CCDC112
18108,MYADML2
18109,TRAV1-1
18110,NXNL1
18111,AVPI1
18112,PRSS45P
18113,RHBDL2
18114,FAM124B
18115,SPATA31A6
18116,RTL8C
18117,TMEM238L
18118,CCM2L
18119,SMTNL2
18120,TRGV1
18121,SPATA31A5
18122,ZCWPW2
18123,TTC27
18124,MAMDC4
18125,ZMAT1
18126,IGFLR1
18127,TIGD1
18128,ANKRD16
18129,TMEM132D
18130,GXYLT1
18131,SPATA6L
18132,TVP23C
18133,FAM234B
18134,GARIN1A
18135,PPP1R21
18136,MS4A13
18137,IAH1
18138,PCDH11Y
18139,SMIM1
18140,UBQLNL
18141,PLEKHG7
18142,RIBC2
18143,EMCN
18144,CMC2
18145,KRTAP5-5
18146,CCDC70
18147,SPATA32
18148,SLC35F3
18149,KRTAP13-4
18150,KIAA1210
18151,FCAMR
18152,FAM131B
18153,CFAP77
18154,CLDND1
18155,TMEM248
18156,PLD5
18157,LIMS4
18158,HAPSTR2
18159,Q9N2J8
18160,VSIG2
18161,FBXO42
18162,CCDC24
18163,TMEM233
18164,ERV3-1
18165,GOLM2
18166,AADACL4
18167,BCAS4
18168,FAM120C
18169,LCE2A
18170,CENPVL3
18171,KRTAP22-1
18172,HEATR9
18173,KAAG1
18174,LRRC66
18175,CCDC43
18176,TRBJ2-7
18177,ZC2HC1C
18178,FHIP1A
18179,EDDM3B
18180,SUGCT
18181,CMTM4
18182,TMEM249
18183,SPINK6
18184,TMEM61
18185,SMIM21
18186,KRTAP5-10
18187,STARD6
18188,CCDC33
18189,MAGEB17
18190,ITFG1
18191,C2orf74
18192,C12orf50
18193,ZSWIM3
18194,FAM86C2P
18195,PRORSD1P
18196,ODR4
18197,ACYP1
18198,SLC35G5
18199,NBPF1
18200,FAM169A
18201,ANKRD10
18202,SERINC4
18203,KRTAP9-6
18204,ANKRD12
18205,LMBRD2
18206,WSCD1
18207,CIMIP2C
18208,KRTAP1-4
18209,TMEM71
18210,LGI2
18211,ARL10
18212,ATOSB
18213,BAGE
18214,SHISA4
18215,TRPT1
18216,NXPH1
18217,TRBJ1-5
18218,CCDC34
18219,KRTAP10-1
18220,TMEM72
18221,TEKTL1
18222,GASK1B
18223,TMCO4
18224,CTAGE3P
18225,TMEM236
18226,TMEM89
18227,C20orf141
18228,SPRR4
18229,FNDC9
18230,CBY2
18231,R3HDML
18232,NTN5
18233,MUC3B
18234,PINLYP
18235,PCOTH
18236,TRAJ31
18237,ARL9
18238,TRGV10
18239,INTS6L
18240,TMEM181
18241,GPANK1
18242,TRDD1
18243,LCE1F
18244,SMIM12
18245,KRTAP13-1
18246,TRBJ1-4
18247,FBXW9
18248,PGBD3
18249,SLC25A34
18250,TBC1D26
18251,SELENOH
18252,GTSF1L
18253,METTL25
18254,CCDC107
18255,LGALSL
18256,ATOSA
18257,TRAV18
18258,SPINK14
18259,Q8N1Y9
18260,LCE2D
18261,DENND2C
18262,CCDC77
18263,TPBGL
18264,TRBJ1-3
18265,KIAA1586
18266,SELENOV
18267,ZSWIM1
18268,TRAV8-3
18269,SEM1
18270,LOC100996750
18271,ACTRT2
18272,FAM163B
18273,LCE1B
18274,WDR7
18275,SSMEM1
18276,TTC39C
18277,ZC2HC1A
18278,DIAPH2-AS1
18279,CFAP97D1
18280,TLDC2
18281,C1orf52
18282,C1orf174
18283,TMEM14DP
18284,ZNHIT2
18285,OGFRL1
18286,TRBJ2-5
18287,HNRNPCL3
18288,LOC400499
18289,TRBJ1-1
18290,GKN3P
18291,TBC1D19
18292,TRAJ3
18293,LRRC29
18294,YPEL1
18295,BEND2
18296,TMEM255B
18297,SH3BGR
18298,LIMS3
18299,NT5DC1
18300,TMEM19
18301,ASAH2B
18302,MANBAL
18303,CD163L1
18304,WDR89
18305,KCTD14
18306,ISM2
18307,EOLA1
18308,LCN10
18309,MS4A15
18310,ERVS71-1
18311,DNAJC22
18312,TMEM42
18313,MAGEB1
18314,LOC102723971
18315,TSBP1
18316,UQCRHL
18317,CES4A
18318,FAM136A
18319,ANKRD34B
18320,KRTAP9-9
18321,AADACL3
18322,CHIC1
18323,VCY
18324,CMC1
18325,PSPHP1
18326,NOL4
18327,LDLRAD1
18328,TRDJ1
18329,HDHD5
18330,PMIS2
18331,GIN1
18332,DPY19L2P1
18333,PRSS35
18334,DCBLD1
18335,CCDC18
18336,SEC14L5
18337,SAMD10
18338,TM4SF19
18339,EXOC3-AS1
18340,ID2B
18341,GUSBP11
18342,ASPHD1
18343,RNF214
18344,RBM43
18345,LRRC3
18346,TRAV40
18347,PP2D1
18348,CPXM1
18349,TMEM243
18350,RUSF1
18351,LSMEM1
18352,TRBV15
18353,KRTAP9-7
18354,BPIFA3
18355,CES5A
18356,SKIDA1
18357,CEACAM21
18358,SLC25A43
18359,TMEM139
18360,TRAV3
18361,GRAMD2B
18362,TEX44
18363,DGCR6L
18364,GARIN2
18365,TMEM141
18366,MAGEA13P
18367,KRTAP9-1
18368,IGFL1
18369,ARHGEF38
18370,PMS2P11
18371,FAM241A
18372,R3HCC1L
18373,FAM163A
18374,C6orf62
18375,HNRNPCL4
18376,TMEM225B
18377,TMEM69
18378,NKAIN3
18379,C3orf20
18380,CENPBD1P
18381,TMEM247
18382,PLAC9
18383,ERVFC1-1
18384,C7orf50
18385,MTHFSD
18386,BPIFA4P
18387,C11orf68
18388,LCE4A
18389,DENND11
18390,C2orf15
18391,MSS51
18392,KRTAP2-2
18393,PHTF1
18394,TMEM234
18395,MAP7D2
18396,TMEM14EP
18397,TCEAL4
18398,UPK3B
18399,DMXL1
18400,LYSMD1
18401,FBXW12
18402,LBHD1
18403,UAP1L1
18404,C11orf52
18405,GATD3B
18406,LCE3E
18407,LRRC70
18408,GINM1
18409,SMIM19
18410,TMCO5A
18411,KRTAP20-2
18412,LY6L
18413,TMEM255A
18414,SRRM3
18415,ISM1
18416,DNAJC5B
18417,TPRG1
18418,SEL1L2
18419,RNF222
18420,SMIM5
18421,SHF
18422,TEX29
18423,GPATCH2L
18424,TMEM240
18425,BTBD6
18426,NR2C2AP
18427,FAM222B
18428,FAM118B
18429,LCN1P1
18430,PTH2
18431,SAYSD1
18432,CTXN3
18433,MAGEB6B
18434,ST7L
18435,TM9SF3
18436,KRT87P
18437,KRTAP10-12
18438,TRGV11
18439,FAM72B
18440,TP53I11
18441,PCNX4
18442,SPINK8
18443,SCGB1D1
18444,CXorf66
18445,UBFD1
18446,TMEM59L
18447,VSIG10L
18448,SSX9P
18449,TRAV9-2
18450,TMEM267
18451,MIPOL1
18452,DNAJC25
18453,FAM76A
18454,CMSS1
18455,DERPC
18456,KRTAP19-8
18457,TMEM31
18458,SMCO3
18459,FAM72C
18460,FAM83C
18461,COMMD2
18462,TRBJ2-4
18463,HSPA12B
18464,FAM83F
18465,LOXHD1
18466,FAM81B
18467,TRBD1
18468,FAM118A
18469,RRN3P1
18470,SMIM2
18471,WDR93
18472,TMEM62
18473,CCDC184
18474,ST13P5
18475,TRBJ2-6
18476,FAM200C
18477,TCEAL8
18478,ZNF788P
18479,TP53TG3
18480,LSMEM2
18481,NRAC
18482,KRTCAP3
18483,PRSS46P
18484,TMEM254
18485,KLRG2
18486,FAM98C
18487,SYNDIG1L
18488,SYCN
18489,LCE5A
18490,SAGE2P
18491,C4orf46
18492,LHFPL1
18493,MIX23
18494,STUM
18495,YPEL4
18496,KLHL11
18497,HHIPL2
18498,C17orf67
18499,TMEM154
18500,PTRHD1
18501,CLEC2L
18502,ERC2-IT1
18503,EVA1B
18504,TMEM160
18505,ERVPABLB-1
18506,LCE1C
18507,FAM174A
18508,TC2N
18509,TRAV8-2
18510,FNBP4
18511,PNMA5
18512,PCP2
18513,SCGB1C2
18514,KIAA2013
18515,SIRPD
18516,CSAG2
18517,FAM168A
18518,SMCO1
18519,ARL6IP6
18520,FAM180B
18521,FAM83E
18522,TEX13C
18523,FAM74A1
18524,KCTD20
18525,MORN5
18526,TRAV8-1
18527,KRTAP21-1
18528,ANKEF1
18529,KRTAP25-1
18530,KCNJ5-AS1
18531,SPATA3
18532,TMEM200A
18533,KIR3DL3
18534,PHYHIPL
18535,GLIPR1L2
18536,TM4SF18
18537,SSX6P
18538,LRRD1
18539,ARMCX2
18540,MINDY4B
18541,NEMP2
18542,LGSN
18543,FNDC3B
18544,KIR2DS4
18545,TRBJ2-2
18546,KPLCE
18547,KRTAP7-1
18548,LLCFC1
18549,TUG1
18550,BSDC1
18551,RSRC2
18552,PEBP4
18553,SCGB2B2
18554,KCTD3
18555,GIMAP6
18556,KRTAP4-16
18557,ANKRD7
18558,C11orf87
18559,TMEM177
18560,ZFTA
18561,PRH1
18562,TRIM66
18563,TMEM39B
18564,EEF1AKMT4
18565,LYRM1
18566,PET117
18567,ERVMER34-1
18568,FAHD2B
18569,CIMAP1C
18570,ZNF804B
18571,TEX13B
18572,CNTNAP3B
18573,NHSL2
18574,TMEM239
18575,SPINT3
18576,COL25A1-DT
18577,TMEM45A
18578,WDCP
18579,SUSD1
18580,TXLNB
18581,SERINC2
18582,CIMIP1
18583,DIPK1B
18584,WSCD2
18585,PAMR1
18586,THSD7B
18587,SSC4D
18588,MCCD1
18589,KIR2DS3
18590,FAM200A
18591,ZNF428
18592,CIMIP4
18593,TRBJ2-1
18594,EFCAB11
18595,NXPE2
18596,FAM53A
18597,LETM2
18598,NPDC1
18599,LY6S
18600,TRAJ42
18601,SPDYE11
18602,NBPF10
18603,SPINT4
18604,SPATA31H1
18605,TMEM140
18606,MS4A5
18607,NT5DC2
18608,SMIM3
18609,FAXC
18610,TMDD1
18611,ASTE1
18612,SHISAL2A
18613,KRTAP20-1
18614,CD164L2
18615,SYT16
18616,IRX2-DT
18617,CENPVL1
18618,CCDC126
18619,TRGJ1
18620,IGDCC4
18621,USP54
18622,SPATA31F1
18623,MAGEB16
18624,TMEM220
18625,KRTAP21-3
18626,ZCCHC18
18627,UBTD2
18628,HDGFL1
18629,KRTAP4-6
18630,TRBJ1-2
18631,ZC2HC1B
18632,KANSL1L
18633,IGFL4
18634,NXPE1
18635,ZNF474
18636,DBNDD1
18637,PTX4
18638,CNTNAP5
18639,ERVK-21
18640,TIGD6
18641,MAGEE2
18642,HIDE1
18643,ERVK13-1
18644,PLXDC2
18645,EGFEM1P
18646,SERTM2
18647,NKAIN2
18648,TRAV22
18649,PGPEP1L
18650,SH3TC1
18651,KLKP1
18652,TCEAL5
18653,TRBJ2-3
18654,TRAV16
18655,KCTD4
18656,VWA3B
18657,ITPRIPL1
18658,RERGL
18659,SMLR1
18660,SUSD3
18661,STKLD1
18662,INSYN2B
18663,ABTB2
18664,PPP1R37
18665,TRBJ1-6
18666,WDR5B
18667,CENPVL2
18668,OLFML1
18669,WDSUB1
18670,SPATC1
18671,SYNGR4
18672,PHTF2
18673,TIGD2
18674,TRAV9-1
18675,TRIM42
18676,C16orf46
18677,SYT14
18678,PAQR4
18679,PPP1R27
18680,TMEM235
18681,TMEM171
18682,ZBED5
18683,GPR137C
18684,KRTAP10-2
18685,LRP2BP
18686,PPP1R36
18687,EFCAB12
18688,NXPE3
18689,IZUMO4
18690,FAM76B
18691,CEP170B
18692,KRTAP2-1
18693,TRBV20OR9-2
18694,TPD52L3
18695,KRBOX5
18696,ANXA2R
18697,FAM24B
18698,ARMCX6
18699,KRTAP10-3
18700,PIGX
18701,FNDC8
18702,WDR27
18703,TMEM40
18704,PRXL2C
18705,CFAP141
18706,MSANTD4
18707,IRGQ
18708,C16orf54
18709,TXNDC11
18710,IZUMO3
18711,R3HDM4
18712,SDR42E2
18713,C2orf88
18714,SDR39U1
18715,KCP
18716,PERCC1
18717,SSX8P
18718,CRIP3
18719,SIGLECL1
18720,CT83
18721,ARHGEF37
18722,RNF32-DT
18723,C10orf67
18724,TMEM60
18725,MS4A10
18726,MAGEC3
18727,TANGO6
18728,LEMD1
18729,CDR2
18730,HCFC1R1
18731,IGSF23
18732,SANBR
18733,ZMYND12
18734,SHISAL1
18735,TSPAN7
18736,NICOL1
18737,NT5DC4
18738,TMEM252
18739,C3P1
18740,TRAV41
18741,KIAA1549
18742,ARHGAP36
18743,CILP2
18744,LCE1E
18745,NYAP1
18746,OVOS1
18747,MS4A8
18748,GDF5-AS1
18749,ZCCHC24
18750,MS4A18
18751,SERTAD4
18752,TMEM41A
18753,PRAC1
18754,XKRY
18755,NAP1L6P
18756,MRFAP1L2
18757,CSMD3
18758,VGLL3
18759,MFSD13A
18760,PPIL6
18761,C1QTNF7
18762,UGT3A1
18763,LCE2C
18764,ZSWIM4
18765,MGC35212
18766,ERVFC1
18767,KIR2DL2
18768,VWA5A
18769,FDCSP
18770,GPRIN3
18771,MSANTD1
18772,DNAJC16
18773,CCDC167
18774,PRADC1
18775,LURAP1L
18776,TRAV8-6
18777,TEX55
18778,DCAF8L2
18779,EURL
18780,PDCL2
18781,DNM1P34
18782,WFDC8
18783,OCM2
18784,TM2D2
18785,A0A499FJF3
18786,NUP210L
18787,ZNF843
18788,RBBP8NL
18789,TMEM158
18790,GRTP1
18791,LRRC57
18792,CAAP1
18793,TSACC
18794,TEX35
18795,DNAJC12
18796,SPATA2L
18797,C3orf70
18798,CLDND2
18799,TEX13D
18800,DYDC2
18801,CMC4
18802,DCAF8L1
18803,CROCC2
18804,ZC3H11B
18805,BPIFB6
18806,CAPSL
18807,SLC66A3
18808,SCYGR5
18809,ANKRD44
18810,CCDC168
18811,FAM204A
18812,TCHHL1
18813,LASP1NB
18814,C4orf17
18815,KANTR
18816,SCYGR2
18817,CFAP97
18818,TMEM74B
18819,LOC128092249
18820,PABIR2
18821,CLEC20A
18822,KIR2DL5B
18823,CFAP99
18824,GTDC1
18825,ZNF22-AS1
18826,GOLGA6L9
18827,REELD1
18828,C2orf50
18829,SLX4IP
18830,TMEM213
18831,LRRC37A2
18832,TTC9
18833,MYEOV
18834,STAG3L3
18835,TMEM81
18836,C18orf15
18837,SPDYE6
18838,SHD
18839,TTC9C
18840,TTC38
18841,SNX29
18842,RPP38-DT
18843,FAM74A7
18844,SPDYE9
18845,SMIM34
18846,KLHL26
18847,SLC35G6
18848,SCYGR8
18849,LINC00473
18850,KIAA1671
18851,TCEAL6
18852,UNC79
18853,CDKN2AIPNL
18854,VWA5B1
18855,FAM229B
18856,LRRC63
18857,LCNL1
18858,B3GNTL1
18859,LOC128125818
18860,SEC14L6
18861,A0A8V8TLY5
18862,TMEM191B
18863,TMEM191A
18864,C17orf50
18865,INAFM1
18866,LRRC36
18867,TMEM238
18868,SLC35F4
18869,CXorf38
18870,KIR3DP1
18871,LINC02875
18872,TEX48
18873,SH2D5
18874,TMEM263
18875,GAGE2D
18876,A6NNC1
18877,SAMD3
18878,TMEM94
18879,PAGE3
18880,CCDC163
18881,CCDC9B
18882,IQCF6
18883,FAM24A
18884,FAM153A
18885,ERVV-2
18886,C10orf105
18887,EDDM13
18888,C1orf185
18889,LRRIQ4
18890,VHLL
18891,C6orf141
18892,A8MUN3
18893,FAM171A2
18894,NBPF19
18895,LRMDA
18896,CDRT15L2
18897,PRRT4
18898,C5orf60
18899,SMIM39
18900,NPIPB13
18901,SMIM8
18902,GLCCI1
18903,IGLON5
18904,LRRIQ1
18905,SCYGR9
18906,ANKRD46
18907,CRISP2
18908,SS18L2
18909,LOC128125816
18910,EFCAB5
18911,PRR35
18912,TMEM275
18913,FAM217A
18914,TEX50
18915,TMEM82
18916,CCDC179
18917,SCP2D1
18918,C15orf61
18919,TMEM265
18920,CCDC185
18921,C4orf3
18922,CTXND1
18923,ANKRD29
18924,CD300LD-AS1
18925,PHLDB3
18926,SMIM41
18927,URB1-AS1
18928,C10orf62
18929,C20orf202
18930,TSPAN16
18931,SMIM28
18932,SHISAL2B
18933,R3HDM1
18934,OFCC1
18935,C20orf203
18936,SCYGR6
18937,SHE
18938,UNQ9165/PRO28630
18939,SMIM17
18940,FBXO16
18941,CAPS2
18942,BEAN1
18943,LINC00477
18944,LOC728392
18945,ERICH5
18946,PRRT1B
18947,PGBD2
18948,TMEM270
18949,TMEM217
18950,LELP1
18951,WDR25
18952,SMIM47
18953,LINC02912
18954,CDRT4
18955,TTTY13
18956,C9orf43
18957,KIR2DL5A
18958,Q0VG73
18959,ANKRD61
18960,SPDYE2B
18961,RUNDC1
18962,ZNF475
18963,DPEP2NB
18964,CRCT1
18965,ARIH2OS
18966,TMEM202
18967,KRTAP20-3
18968,KIAA0232
18969,ERICH2
18970,MISFA
18971,CCER1
18972,TMEFF1
18973,TDRG1
18974,C19orf25
18975,CCDC180
18976,KLHDC7A
18977,NBPF14
18978,TDH
18979,FBXW10
18980,QSER1
18981,TMEM156
18982,NBPF7P
18983,RTL1
18984,SPDYE14
18985,GARIN6
18986,ANKAR
18987,CRYBG2
18988,FAM135A
18989,KLHL38
18990,PRO2829
18991,Q6ZS49
18992,LRRC51
18993,SMIM10
18994,LINC00596
18995,CT45A1
18996,KIAA1328
18997,TMEM26
18998,TMEM217B
18999,CIST1
19000,LRRC20
19001,NATD1
19002,KLHL23
19003,POTEB3
19004,NBPF3
19005,CFAP210
19006,SCGB1D2
19007,THEM6
19008,ARMCX4
19009,GIMD1
19010,Q5W150
19011,LHFPL7
19012,KIAA0040
19013,GSG1L2
19014,LRRC53
19015,NHLRC4
19016,NBPF5P
19017,FAM133B
19018,SCPPPQ1
19019,UNQ5830/PRO19650/PRO19816
19020,FRG2B
19021,SPDYE3
19022,C14orf132
19023,LOC84773-CYHR1
19024,LINC00301
19025,FAM199X
19026,PKD1L1-AS1
19027,BAGE2
19028,SH2D4B
19029,Q9UF83
19030,NPIPB4
19031,SPATA31F3
19032,TMED8
19033,CDCP2
19034,HEPN1
19035,FNDC11
19036,NBPF6
19037,SPATA1
19038,SMIM18
19039,TMEM78
19040,UNQ6494/PRO21346
19041,BAGE3
19042,ERICH4
19043,SEL1L3
19044,ERVV-1
19045,PRO1933
19046,FAM221A
19047,FNDC7
19048,FBXO34
19049,MDS2
19050,UBALD1
19051,TRIM16L
19052,PLEKHA6
19053,MSANTD3
19054,ERICH1
19055,TMEM169
19056,ELMOD1
19057,C4orf19
19058,TMEM105
19059,DCAF12L2
19060,ZC3H11C
19061,USHBP1
19062,LINC00588
19063,POTED
19064,SPDYE1
19065,GAGE10
19066,HEATR6
19067,NIPSNAP3B
19068,PPDPFL
19069,KIR2DP1
19070,KIAA0408
19071,CNTNAP3C
19072,NBPF9
19073,ANKRD34A
19074,ANKRD36B
19075,ENTREP2
19076,CELF2-AS1
19077,DHRS12
19078,METTL27
19079,ESRG
19080,CXorf51B
19081,LENG9
19082,ABHD18
19083,TTC32
19084,TMEM44
19085,TMEM210
19086,TRIQK
19087,C3orf36
19088,C16orf78
19089,C2orf66
19090,TMEM244
19091,MROH5
19092,TEKTIP1
19093,SLC35F5
19094,TMEM212
19095,PRR20C
19096,FBXO41
19097,XAGE2
19098,SCYGR1
19099,UNQ5815/PRO19632
19100,TMCO5B
19101,A8MTW9
19102,TMEM30CP
19103,LOC647264
19104,TEX22
19105,NBPF8
19106,ANKRD36BP1
19107,UPK3BL1
19108,GRIFIN
19109,C19orf44
19110,SPATA21
19111,STPG3
19112,KRTAP20-4
19113,C7orf25
19114,DNAJC5G
19115,TEX38
19116,RPRML
19117,CCDC148
19118,INAFM2
19119,RGSL1
19120,VCF1
19121,A0A0G2JNG1
19122,CCER2
19123,C1orf21
19124,ARHGEF33
19125,MS4A4E
19126,MRFAP1L1
19127,Q8N9W7
19128,TCEAL3
19129,CTXN2
19130,TMEM221
19131,C9orf152
19132,CCDC157
19133,GYPE
19134,MEI1
19135,PAGE1
19136,LOC128031833
19137,PLGLA
19138,CEP170P1
19139,ANKRD20A1
19140,SMIM35
19141,C17orf58
19142,KLHL35
19143,CCDC191
19144,BTF3L4
19145,FAM120AOS
19146,SPATA12
19147,CCDC28A
19148,PRR20E
19149,PABIR3
19150,BAGE4
19151,REX1BD
19152,SMIM33
19153,FAM13C
19154,PROB1
19155,C2CD4C
19156,LINC02913
19157,VWA3A
19158,KRT10-AS1
19159,PCNX1
19160,FBXO46
19161,KIAA1958
19162,OOSP4A
19163,DPH3P1
19164,TMEM178B
19165,SPDYE7P
19166,RIPOR3
19167,AARD
19168,AMMECR1L
19169,TTC33
19170,SCYGR3
19171,TMEM225
19172,SPRYD7
19173,IFFO2
19174,STAG3L2
19175,PRRT3
19176,DNAJC28
19177,SWT1
19178,PDZRN4
19179,COLCA1
19180,NPIPB15
19181,PHF21B
19182,IQCF5
19183,PRNT
19184,RHPN2P1
19185,SMIM7
19186,ANKDD1A
19187,DCAF4L1
19188,LINC00526
19189,TMEM253
19190,SNURFL
19191,FAM221B
19192,TMEM273
19193,SPMIP2
19194,PROSER1
19195,LOC112694756
19196,C4orf33
19197,CCDC121
19198,UPK3BL2
19199,C6orf50
19200,CYHR1
19201,SNHG28
19202,KRBOX1
19203,PCED1A
19204,HRURF
19205,PRR20D
19206,BEND4
19207,LCE7A
19208,SMCO2
19209,TMEM229A
19210,PPDPF
19211,FAM167A
19212,EVPLL
19213,FAM186B
19214,FP248
19215,DIPK2B
19216,NBPF15
19217,TMEM200C
19218,EFCAB8
19219,NKAPD1
19220,ANKRD26P1
19221,C8orf33
19222,A0A8Q3SIZ7
19223,PRR23D1
19224,C17orf78
19225,FAM187A
19226,FAM187B
19227,C1orf74
19228,FAM74A4
19229,TMEM52
19230,C12orf60
19231,SAXO5
19232,SMIM36
19233,GATD3
19234,C16orf74
19235,C15orf40
19236,Q6ZRU5
19237,PRR27
19238,FAM87A
19239,FAM181A
19240,FHIP2A
19241,NPIPB5
19242,DCAF4L2
19243,TSGA13
19244,FAM47B
19245,ABRACL
19246,FAM131C
19247,PRR34
19248,LINC00862
19249,TMEM191C
19250,SMIM13
19251,FMR1NB
19252,CTXND2
19253,STAG3L1
19254,CCDC82
19255,FRG2
19256,SPDYE2
19257,TMEM151B
19258,C16orf87
19259,CIMIP2B
19260,KLHDC4
19261,OOSP3
19262,XAGE3
19263,C1orf162
19264,RWDD4
19265,SRGAP2B
19266,TSPAN11
19267,ANKRD34C
19268,THYN1
19269,ZNF839
19270,CCDC102A
19271,CCDC144A
19272,PATE2
19273,SPEM2
19274,IQCC
19275,KIAA1143
19276,A0A0G2JQ47
19277,IQCF3
19278,PRR23B
19279,EFCAB10
19280,TMEM179
19281,CPED1
19282,C10orf95
19283,PRR15
19284,FBRSL1
19285,C5orf24
19286,ANKDD1B
19287,RTL8B
19288,KRBOX4
19289,C1orf105
19290,FAM27E3
19291,SMIM40
19292,A0A0G2JN68
19293,SMIM15
19294,IQCF2
19295,SPDYE21
19296,TTC41P
19297,HCG22
19298,KRCC1
19299,ZHX1-C8orf76
19300,CHCT1
19301,CCDC188
19302,DLEU1
19303,SMIM42
19304,PYY2
19305,RHPN1-AS1
19306,CECR9
19307,C6orf47
19308,FNDC10
19309,R3HCC1
19310,UMAD1
19311,SPDYE13
19312,CSNKA2IP
19313,TMEM209
19314,FAM171B
19315,NBPF12
19316,DEXI
19317,PACRGL
19318,LUZP2
19319,PDZD4
19320,GOLGA6L7
19321,SPATS1
19322,TXNRD3NB
19323,CLLU1
19324,TRAV8-7
19325,MROH2A
19326,ARMCX5
19327,SLC25A35
19328,SMIM26
19329,TMEM200B
19330,WDR38
19331,DIPK1C
19332,FAM219B
19333,C1orf159
19334,NKPD1
19335,HHLA1
19336,FOXL2NB
19337,CAGE1
19338,ITPRID1
19339,GTSCR1
19340,PRR23E
19341,PAGE5
19342,MROH1
19343,NPIPB2
19344,LRRC37A
19345,CLHC1
19346,XKRX
19347,NPIPA7
19348,LRRN4CL
19349,OSER1
19350,SPDYE5
19351,UNQ6190/PRO20217
19352,LRRC37A3
19353,GSE1
19354,LOC112267897
19355,ANKRD52
19356,RUSC1-AS1
19357,EFCAB3
19358,CCDC83
19359,LYSMD4
19360,ANKMY1
19361,NPIPB11
19362,ZNF831
19363,CCDC27
19364,LINC00482
19365,PRAC2
19366,SCGB1D4
19367,SMIM29
19368,SMIM32
19369,NAT16
19370,HRCT1
19371,TMEM269
19372,SMIM6
19373,FAM124A
19374,TLCD5
19375,YWHAH-AS1
19376,LRRC9
19377,NOTCH2NLR
19378,SPANXN3
19379,SPATA8
19380,PNMA6A
19381,C2orf76
19382,A0A0G2JLM5
19383,GAGE5
19384,TDRD10
19385,TMEM35B
19386,KLHL32
19387,APRG1
19388,SPDYE10
19389,PRR30
19390,LZIC
19391,FAM47A
19392,BAGE5
19393,FRG2C
19394,CLUHP3
19395,CCDC178
19396,PLEKHH1
19397,GDAP1L1
19398,LRRC75A
19399,UNQ6126/PRO20091
19400,SLFNL1
19401,CT45A3
19402,C10orf120
19403,KRTAP22-2
19404,SCYGR7
19405,SMIM23
19406,ATXN7L1
19407,A0A1W2PRN1
19408,FAM218A
19409,LRRC14B
19410,FAM78A
19411,TEX51
19412,CCDC60
19413,LRRC2
19414,C11orf21
19415,C9orf57
19416,KIAA1549L
19417,SLC35G3
19418,LINS1
19419,FAM135B
19420,IRF1-AS1
19421,TEDDM1
19422,CCDC74A
19423,MYH16
19424,PLGLB1
19425,SPDYE12
19426,MIR17HG
19427,GIPC3
19428,SMIM31
19429,SPDYE15
19430,TSPAN19
19431,BAHCC1
19432,LRCH2
19433,TCEAL9
19434,SPDYE4
19435,KLHL29
19436,FAM117B
19437,LRRC37B
19438,PATE3
19439,ZFAND4
19440,CTXN1
19441,SPDYE16
19442,PCNX3
19443,RTL8A
19444,TTC14
19445,EFCAB14
19446,FAM180A
19447,MFSD6L
19448,ANKRD13C-DT
19449,LINC00052
19450,FAM74A3
19451,RIBC1
19452,RWDD2A
19453,C6orf226
19454,PRR32
19455,TEX47
19456,CDPF1
19457,CSMD2
19458,ATXN8
19459,DRICH1
19460,C1orf94
19461,TMEM272
19462,LINC00518
19463,PXDC1
19464,CCDC17
19465,LDLRAD2
19466,A6NDX4
19467,IZUMO2
19468,HEATR4
19469,GAFA1
19470,CCDC15
19471,SIRPB2
19472,ZBBX
19473,C2orf68
19474,CEP15
19475,RASSF8
19476,FAM90A1
19477,ZC3HAV1L
19478,Q5XG85
19479,SMIM38
19480,C1orf54
19481,CFAP107
19482,LRRIQ3
19483,FNDC1
19484,FAM25C
19485,BNIP5
19486,SPDYE18
19487,NPIPB7
19488,LINC00305
19489,MAPK1IP1L
19490,NBPF20
19491,FAM228A
19492,NBPF26
19493,CCDC152
19494,TCEAL2
19495,C1orf216
19496,C5orf22
19497,A0A0G2JP03
19498,OOSP1
19499,ZSWIM9
19500,LCE6A
19501,PAGE2
19502,CPXM2
19503,ECT2L
19504,Q1T7F1
19505,DIPK1A
19506,ZNF593OS
19507,SCGB1C1
19508,NCBP2AS2
19509,NBPF4
19510,C15orf39
19511,SPDYE17
19512,LINC01547
19513,TYMSOS
19514,C8orf48
19515,C3orf80
19516,C2orf92
19517,GAGE12B
19518,TMEM271
19519,C1orf198
19520,DEPDC4
19521,LRIT2
19522,LRRC28
19523,SCYGR10
19524,CCDC153
19525,Q6ZSR3
19526,TCAIM
19527,CCDC150
19528,MRO
19529,FAM162B
19530,INTS15
19531,SH2D7
19532,NHSL3
19533,GOLGA2P5
19534,PWWP3B
19535,CCDC197
19536,NDUFA4L2
19537,KIAA0513
19538,FAM185A
19539,FAM237B
19540,KCT2
19541,FAM237A
19542,MPTX1
19543,GLYCAM1
19544,PCED1B
19545,SOWAHB
19546,C3orf18
19547,CCDC97
19548,MUC22
19549,CEBPZOS
19550,CT45A10
19551,Q5BKY6
19552,LRRC58
19553,IGIP
19554,SMIM27
19555,NIBAN3
19556,LINC01587
19557,DTHD1
19558,SLFN12L
19559,FAM43A
19560,XAGE1A
19561,GAGE12I
19562,DELEC1
19563,ZYG11A
19564,KIAA0825
19565,ANKRD36C
19566,NPIPB12
19567,C10orf55
19568,PTTG1IP2
19569,MAB21L3
19570,XKR3
19571,C8orf74
19572,KCTD18
19573,SLC35G4
19574,TXLNGY
19575,CUEDC1
19576,ITPRIPL2
19577,C19orf73
19578,CROCCP2
19579,SAMD5
19580,SCYGR4
19581,SSBP3-AS1
19582,IFITM10
19583,KLHDC7B
19584,OOSP4B
19585,TEX26
19586,C5orf64
19587,LRRC73
19588,FAM133A
19589,LRRC69
19590,RNF224
19591,LRRC30
19592,ATXN8OS
19593,SPDYE8
19594,PROSER2
19595,VSTM2B
19596,SPANXN2
19597,ANKRD55
19598,LHFPL6
19599,UBTD1
19600,SMIM9
19601,KLHDC8A
19602,NBPF11
19603,NHSL1
19604,TMEM185B
19605,KIRREL3-AS3
19606,KLHL34
19607,LINC00242
19608,EFCC1
19609,CDR1
19610,PRAMEF26
19611,PODNL1
19612,MROH6
19613,SMAD5-AS1
